schema,table,column,data_type
public,AFKO,mandt,text
public,AFKO,aufnr,text
public,AFKO,gltrp,text
public,AFKO,gstrp,text
public,AFKO,ftrms,text
public,AFKO,gltrs,text
public,AFKO,gstrs,text
public,AFKO,gstri,text
public,AFKO,getri,text
public,AFKO,gltri,text
public,AFKO,ftrmi,text
public,AFKO,ftrmp,text
public,AFKO,rsnum,text
public,AFKO,gasmg,text
public,AFKO,gamng,text
public,AFKO,gmein,text
public,AFKO,plnbez,text
public,AFKO,plnty,text
public,AFKO,plnnr,text
public,AFKO,plnaw,text
public,AFKO,plnal,text
public,AFKO,pverw,text
public,AFKO,plauf,text
public,AFKO,plsvb,text
public,AFKO,plnme,text
public,AFKO,plsvn,text
public,AFKO,pdatv,text
public,AFKO,paenr,text
public,AFKO,plgrp,text
public,AFKO,lodiv,text
public,AFKO,stlty,text
public,AFKO,stlbez,text
public,AFKO,stlst,text
public,AFKO,stlnr,text
public,AFKO,sdatv,text
public,AFKO,sbmng,text
public,AFKO,sbmeh,text
public,AFKO,saenr,text
public,AFKO,stlal,text
public,AFKO,stlan,text
public,AFKO,slsvn,text
public,AFKO,slsbs,text
public,AFKO,aufld,text
public,AFKO,dispo,text
public,AFKO,aufpl,text
public,AFKO,fevor,text
public,AFKO,fhori,text
public,AFKO,terkz,text
public,AFKO,redkz,text
public,AFKO,aprio,text
public,AFKO,ntzue,text
public,AFKO,vorue,text
public,AFKO,profid,text
public,AFKO,vorgz,text
public,AFKO,sichz,text
public,AFKO,freiz,text
public,AFKO,upter,text
public,AFKO,bedid,text
public,AFKO,pronr,text
public,AFKO,zaehl,text
public,AFKO,mzaehl,text
public,AFKO,zkriz,text
public,AFKO,prueflos,text
public,AFKO,klvarp,text
public,AFKO,klvari,text
public,AFKO,rgekz,text
public,AFKO,plart,text
public,AFKO,flg_aob,text
public,AFKO,flg_arbei,text
public,AFKO,gltpp,text
public,AFKO,gstpp,text
public,AFKO,gltps,text
public,AFKO,gstps,text
public,AFKO,ftrps,text
public,AFKO,rdkzp,text
public,AFKO,trkzp,text
public,AFKO,rueck,text
public,AFKO,rmzhl,text
public,AFKO,igmng,text
public,AFKO,ratid,text
public,AFKO,groid,text
public,AFKO,cuobj,text
public,AFKO,gluzs,text
public,AFKO,gsuzs,text
public,AFKO,revlv,text
public,AFKO,rshty,text
public,AFKO,rshid,text
public,AFKO,rsnty,text
public,AFKO,rsnid,text
public,AFKO,nauterm,text
public,AFKO,naucost,text
public,AFKO,stufe,text
public,AFKO,wegxx,text
public,AFKO,vwegx,text
public,AFKO,arsnr,text
public,AFKO,arsps,text
public,AFKO,maufnr,text
public,AFKO,lknot,text
public,AFKO,rknot,text
public,AFKO,prodnet,text
public,AFKO,iasmg,text
public,AFKO,abarb,text
public,AFKO,aufnt,text
public,AFKO,aufpt,text
public,AFKO,aplzt,text
public,AFKO,no_disp,text
public,AFKO,csplit,text
public,AFKO,aennr,text
public,AFKO,cy_seqnr,text
public,AFKO,breaks,text
public,AFKO,vorgz_trm,text
public,AFKO,sichz_trm,text
public,AFKO,trmdt,text
public,AFKO,gluzp,text
public,AFKO,gsuzp,text
public,AFKO,gsuzi,text
public,AFKO,geuzi,text
public,AFKO,glupp,text
public,AFKO,gsupp,text
public,AFKO,glups,text
public,AFKO,gsups,text
public,AFKO,chsch,text
public,AFKO,kapt_vorgz,text
public,AFKO,kapt_sichz,text
public,AFKO,lead_aufnr,text
public,AFKO,pnetstartd,text
public,AFKO,pnetstartt,text
public,AFKO,pnetendd,text
public,AFKO,pnetendt,text
public,AFKO,kbed,text
public,AFKO,kkalkr,text
public,AFKO,sfcpf,text
public,AFKO,rmnga,text
public,AFKO,gsbtr,text
public,AFKO,vfmng,text
public,AFKO,nopcost,text
public,AFKO,netzkont,text
public,AFKO,atrkz,text
public,AFKO,objtype,text
public,AFKO,ch_proc,text
public,AFKO,kapversa,text
public,AFKO,colordproc,text
public,AFKO,kzerb,text
public,AFKO,conf_key,text
public,AFKO,st_arbid,text
public,AFKO,vsnmr_v,text
public,AFKO,terhw,text
public,AFKO,splstat,text
public,AFKO,costupd,text
public,AFKO,max_gamng,text
public,AFKO,mes_routingid,text
public,AFKO,adpsp,text
public,AFKO,rmanr,text
public,AFKO,posnr_rma,text
public,AFKO,posnv_rma,text
public,AFKO,cfb_maxlz,text
public,AFKO,cfb_lzeih,text
public,AFKO,cfb_adtdays,text
public,AFKO,cfb_datofm,text
public,AFKO,cfb_bbdpi,text
public,AFKO,oihantyp,text
public,AFKO,fsh_mprod_ord,text
public,AFKO,flg_bundle,text
public,AFKO,mill_ratio,text
public,AFKO,bmeins,text
public,AFKO,bmenge,text
public,AFKO,mill_oc_zuskz,text
public,AFPO,mandt,text
public,AFPO,aufnr,text
public,AFPO,posnr,text
public,AFPO,psobs,text
public,AFPO,qunum,text
public,AFPO,qupos,text
public,AFPO,projn,text
public,AFPO,plnum,text
public,AFPO,strmp,text
public,AFPO,etrmp,text
public,AFPO,kdauf,text
public,AFPO,kdpos,text
public,AFPO,kdein,text
public,AFPO,beskz,text
public,AFPO,psamg,text
public,AFPO,psmng,text
public,AFPO,wemng,text
public,AFPO,iamng,text
public,AFPO,amein,text
public,AFPO,meins,text
public,AFPO,matnr,text
public,AFPO,pamng,text
public,AFPO,pgmng,text
public,AFPO,knttp,text
public,AFPO,tpauf,text
public,AFPO,ltrmi,text
public,AFPO,ltrmp,text
public,AFPO,kalnr,text
public,AFPO,uebto,text
public,AFPO,uebtk,text
public,AFPO,untto,text
public,AFPO,insmk,text
public,AFPO,wepos,text
public,AFPO,bwtar,text
public,AFPO,bwtty,text
public,AFPO,pwerk,text
public,AFPO,lgort,text
public,AFPO,umrez,text
public,AFPO,umren,text
public,AFPO,webaz,text
public,AFPO,elikz,text
public,AFPO,safnr,text
public,AFPO,verid,text
public,AFPO,sernr,text
public,AFPO,techs,text
public,AFPO,dwerk,text
public,AFPO,dauty,text
public,AFPO,dauat,text
public,AFPO,dgltp,text
public,AFPO,dglts,text
public,AFPO,dfrei,text
public,AFPO,dnrel,text
public,AFPO,verto,text
public,AFPO,sobkz,text
public,AFPO,kzvbr,text
public,AFPO,wewrt,text
public,AFPO,weunb,text
public,AFPO,ablad,text
public,AFPO,wempf,text
public,AFPO,charg,text
public,AFPO,gsber,text
public,AFPO,weaed,text
public,AFPO,cuobj,text
public,AFPO,kbnkz,text
public,AFPO,arsnr,text
public,AFPO,arsps,text
public,AFPO,krsnr,text
public,AFPO,krsps,text
public,AFPO,kckey,text
public,AFPO,rtp01,text
public,AFPO,rtp02,text
public,AFPO,rtp03,text
public,AFPO,rtp04,text
public,AFPO,ksvon,text
public,AFPO,ksbis,text
public,AFPO,objnp,text
public,AFPO,ndisr,text
public,AFPO,vfmng,text
public,AFPO,gsbtr,text
public,AFPO,kzavc,text
public,AFPO,kzbws,text
public,AFPO,xloek,text
public,AFPO,sernp,text
public,AFPO,anzsn,text
public,AFPO,objtype,text
public,AFPO,ch_proc,text
public,AFPO,fxpru,text
public,AFPO,cuobj_root,text
public,AFPO,berid,text
public,AFPO,techs_copy,text
public,AFPO,sgt_scat,text
public,AFPO,kunnr2,text
public,AFPO,fsh_season_year,text
public,AFPO,fsh_season,text
public,AFPO,fsh_collection,text
public,AFPO,fsh_theme,text
public,AFPO,fsh_salloc_qty,text
public,AFPO,mill_oc_aufnr_u,text
public,AFPO,mill_oc_rumng,text
public,AFPO,mill_oc_sort,text
public,AUFK,mandt,text
public,AUFK,aufnr,text
public,AUFK,auart,text
public,AUFK,autyp,text
public,AUFK,refnr,text
public,AUFK,ernam,text
public,AUFK,erdat,text
public,AUFK,aenam,text
public,AUFK,aedat,text
public,AUFK,ktext,text
public,AUFK,ltext,text
public,AUFK,bukrs,text
public,AUFK,werks,text
public,AUFK,gsber,text
public,AUFK,kokrs,text
public,AUFK,cckey,text
public,AUFK,kostv,text
public,AUFK,stort,text
public,AUFK,sowrk,text
public,AUFK,astkz,text
public,AUFK,waers,text
public,AUFK,astnr,text
public,AUFK,stdat,text
public,AUFK,estnr,text
public,AUFK,phas0,text
public,AUFK,phas1,text
public,AUFK,phas2,text
public,AUFK,phas3,text
public,AUFK,pdat1,text
public,AUFK,pdat2,text
public,AUFK,pdat3,text
public,AUFK,idat1,text
public,AUFK,idat2,text
public,AUFK,idat3,text
public,AUFK,objid,text
public,AUFK,vogrp,text
public,AUFK,loekz,text
public,AUFK,plgkz,text
public,AUFK,kvewe,text
public,AUFK,kappl,text
public,AUFK,kalsm,text
public,AUFK,zschl,text
public,AUFK,abkrs,text
public,AUFK,kstar,text
public,AUFK,kostl,text
public,AUFK,saknr,text
public,AUFK,setnm,text
public,AUFK,cycle,text
public,AUFK,sdate,text
public,AUFK,seqnr,text
public,AUFK,user0,text
public,AUFK,user1,text
public,AUFK,user2,text
public,AUFK,user3,text
public,AUFK,user4,text
public,AUFK,user5,text
public,AUFK,user6,text
public,AUFK,user7,text
public,AUFK,user8,text
public,AUFK,user9,text
public,AUFK,objnr,text
public,AUFK,prctr,text
public,AUFK,pspel,text
public,AUFK,awsls,text
public,AUFK,abgsl,text
public,AUFK,txjcd,text
public,AUFK,func_area,text
public,AUFK,scope,text
public,AUFK,plint,text
public,AUFK,kdauf,text
public,AUFK,kdpos,text
public,AUFK,aufex,text
public,AUFK,ivpro,text
public,AUFK,logsystem,text
public,AUFK,flg_mltps,text
public,AUFK,abukr,text
public,AUFK,akstl,text
public,AUFK,sizecl,text
public,AUFK,izwek,text
public,AUFK,umwkz,text
public,AUFK,kstempf,text
public,AUFK,zschm,text
public,AUFK,pkosa,text
public,AUFK,anfaufnr,text
public,AUFK,procnr,text
public,AUFK,proty,text
public,AUFK,rsord,text
public,AUFK,bemot,text
public,AUFK,adrnra,text
public,AUFK,erfzeit,text
public,AUFK,aezeit,text
public,AUFK,cstg_vrnt,text
public,AUFK,costestnr,text
public,AUFK,veraa_user,text
public,AUFK,dummy_ci_aufk,text
public,AUFK,vname,text
public,AUFK,recid,text
public,AUFK,etype,text
public,AUFK,otype,text
public,AUFK,jv_jibcl,text
public,AUFK,jv_jibsa,text
public,AUFK,jv_oco,text
public,AUFK,cpd_updat,text
public,AUFK,/CUM/INDCU,text
public,AUFK,/CUM/CMNUM,text
public,AUFK,/CUM/AUEST,text
public,AUFK,/CUM/DESNUM,text
public,AUFK,/MRSS/PL_STRU_ID,text
public,AUFK,/MRSS/PL_MAN_TYP,text
public,AUFK,/MRSS/ORDER_PROB,text
public,AUFK,/MRSS/ACT_TYPE,text
public,AUFK,/MRSS/INIT_DONE,text
public,AUFK,/MRSS/DATACHANGE,text
public,AUFK,/MRSS/SALES_ORG,text
public,AUFK,/MRSS/NW_BOOKED,text
public,AUFK,vaplz,text
public,AUFK,wawrk,text
public,AUFK,ferc_ind,text
public,AUFK,aufk_status,text
public,AUFK,claim_control,text
public,AUFK,update_needed,text
public,AUFK,update_control,text
public,AUSP,mandt,text
public,AUSP,objek,text
public,AUSP,atinn,text
public,AUSP,atzhl,text
public,AUSP,mafid,text
public,AUSP,klart,text
public,AUSP,adzhl,text
public,AUSP,atwrt,text
public,AUSP,atflv,text
public,AUSP,atawe,text
public,AUSP,atflb,text
public,AUSP,ataw1,text
public,AUSP,atcod,text
public,AUSP,attlv,text
public,AUSP,attlb,text
public,AUSP,atprz,text
public,AUSP,atinc,text
public,AUSP,ataut,text
public,AUSP,aennr,text
public,AUSP,datuv,text
public,AUSP,lkenz,text
public,AUSP,atimb,text
public,AUSP,atzis,text
public,AUSP,atsrt,text
public,AUSP,atvglart,text
public,AUSP,datub,text
public,BKPF,mandt,text
public,BKPF,bukrs,text
public,BKPF,belnr,text
public,BKPF,gjahr,text
public,BKPF,blart,text
public,BKPF,bldat,text
public,BKPF,budat,text
public,BKPF,monat,text
public,BKPF,cpudt,text
public,BKPF,cputm,text
public,BKPF,aedat,text
public,BKPF,upddt,text
public,BKPF,wwert,text
public,BKPF,usnam,text
public,BKPF,tcode,text
public,BKPF,bvorg,text
public,BKPF,xblnr,text
public,BKPF,dbblg,text
public,BKPF,stblg,text
public,BKPF,stjah,text
public,BKPF,bktxt,text
public,BKPF,waers,text
public,BKPF,kursf,text
public,BKPF,kzwrs,text
public,BKPF,kzkrs,text
public,BKPF,bstat,text
public,BKPF,xnetb,text
public,BKPF,frath,text
public,BKPF,xrueb,text
public,BKPF,glvor,text
public,BKPF,grpid,text
public,BKPF,dokid,text
public,BKPF,arcid,text
public,BKPF,iblar,text
public,BKPF,awtyp,text
public,BKPF,awkey,text
public,BKPF,fikrs,text
public,BKPF,hwaer,text
public,BKPF,hwae2,text
public,BKPF,hwae3,text
public,BKPF,kurs2,text
public,BKPF,kurs3,text
public,BKPF,basw2,text
public,BKPF,basw3,text
public,BKPF,umrd2,text
public,BKPF,umrd3,text
public,BKPF,xstov,text
public,BKPF,stodt,text
public,BKPF,xmwst,text
public,BKPF,curt2,text
public,BKPF,curt3,text
public,BKPF,kuty2,text
public,BKPF,kuty3,text
public,BKPF,xsnet,text
public,BKPF,ausbk,text
public,BKPF,xusvr,text
public,BKPF,duefl,text
public,BKPF,awsys,text
public,BKPF,txkrs,text
public,BKPF,ctxkrs,text
public,BKPF,lotkz,text
public,BKPF,xwvof,text
public,BKPF,stgrd,text
public,BKPF,ppnam,text
public,BKPF,ppdat,text
public,BKPF,pptme,text
public,BKPF,brnch,text
public,BKPF,numpg,text
public,BKPF,adisc,text
public,BKPF,xref1_hd,text
public,BKPF,xref2_hd,text
public,BKPF,xreversal,text
public,BKPF,reindat,text
public,BKPF,rldnr,text
public,BKPF,ldgrp,text
public,BKPF,propmano,text
public,BKPF,xblnr_alt,text
public,BKPF,vatdate,text
public,BKPF,doccat,text
public,BKPF,xsplit,text
public,BKPF,cash_alloc,text
public,BKPF,follow_on,text
public,BKPF,xreorg,text
public,BKPF,subset,text
public,BKPF,kurst,text
public,BKPF,kursx,text
public,BKPF,kur2x,text
public,BKPF,kur3x,text
public,BKPF,xmca,text
public,BKPF,resubmission,text
public,BKPF,/SAPF15/STATUS,text
public,BKPF,psoty,text
public,BKPF,psoak,text
public,BKPF,psoks,text
public,BKPF,psosg,text
public,BKPF,psofn,text
public,BKPF,intform,text
public,BKPF,intdate,text
public,BKPF,psobt,text
public,BKPF,psozl,text
public,BKPF,psodt,text
public,BKPF,psotm,text
public,BKPF,fm_umart,text
public,BKPF,ccins,text
public,BKPF,ccnum,text
public,BKPF,ssblk,text
public,BKPF,batch,text
public,BKPF,sname,text
public,BKPF,sampled,text
public,BKPF,exclude_flag,text
public,BKPF,blind,text
public,BKPF,offset_status,text
public,BKPF,offset_refer_dat,text
public,BKPF,penrc,text
public,BKPF,knumv,text
public,BKPF,pybastyp,text
public,BKPF,pybasno,text
public,BKPF,pybasdat,text
public,BKPF,pyiban,text
public,BKPF,inwardno_hd,text
public,BKPF,inwarddt_hd,text
public,BSAD,mandt,text
public,BSAD,bukrs,text
public,BSAD,kunnr,text
public,BSAD,umsks,text
public,BSAD,umskz,text
public,BSAD,augdt,text
public,BSAD,augbl,text
public,BSAD,zuonr,text
public,BSAD,gjahr,text
public,BSAD,belnr,text
public,BSAD,buzei,text
public,BSAD,budat,text
public,BSAD,bldat,text
public,BSAD,cpudt,text
public,BSAD,waers,text
public,BSAD,xblnr,text
public,BSAD,blart,text
public,BSAD,monat,text
public,BSAD,bschl,text
public,BSAD,zumsk,text
public,BSAD,shkzg,text
public,BSAD,gsber,text
public,BSAD,mwskz,text
public,BSAD,dmbtr,text
public,BSAD,wrbtr,text
public,BSAD,mwsts,text
public,BSAD,wmwst,text
public,BSAD,bdiff,text
public,BSAD,bdif2,text
public,BSAD,sgtxt,text
public,BSAD,projn,text
public,BSAD,aufnr,text
public,BSAD,anln1,text
public,BSAD,anln2,text
public,BSAD,saknr,text
public,BSAD,hkont,text
public,BSAD,fkont,text
public,BSAD,filkd,text
public,BSAD,zfbdt,text
public,BSAD,zterm,text
public,BSAD,zbd1t,text
public,BSAD,zbd2t,text
public,BSAD,zbd3t,text
public,BSAD,zbd1p,text
public,BSAD,zbd2p,text
public,BSAD,skfbt,text
public,BSAD,sknto,text
public,BSAD,wskto,text
public,BSAD,zlsch,text
public,BSAD,zlspr,text
public,BSAD,zbfix,text
public,BSAD,hbkid,text
public,BSAD,bvtyp,text
public,BSAD,rebzg,text
public,BSAD,rebzj,text
public,BSAD,rebzz,text
public,BSAD,samnr,text
public,BSAD,anfbn,text
public,BSAD,anfbj,text
public,BSAD,anfbu,text
public,BSAD,anfae,text
public,BSAD,mansp,text
public,BSAD,mschl,text
public,BSAD,madat,text
public,BSAD,manst,text
public,BSAD,maber,text
public,BSAD,xnetb,text
public,BSAD,xanet,text
public,BSAD,xcpdd,text
public,BSAD,xinve,text
public,BSAD,xzahl,text
public,BSAD,mwsk1,text
public,BSAD,dmbt1,text
public,BSAD,wrbt1,text
public,BSAD,mwsk2,text
public,BSAD,dmbt2,text
public,BSAD,wrbt2,text
public,BSAD,mwsk3,text
public,BSAD,dmbt3,text
public,BSAD,wrbt3,text
public,BSAD,bstat,text
public,BSAD,vbund,text
public,BSAD,vbeln,text
public,BSAD,rebzt,text
public,BSAD,infae,text
public,BSAD,stceg,text
public,BSAD,egbld,text
public,BSAD,eglld,text
public,BSAD,rstgr,text
public,BSAD,xnoza,text
public,BSAD,vertt,text
public,BSAD,vertn,text
public,BSAD,vbewa,text
public,BSAD,wverw,text
public,BSAD,projk,text
public,BSAD,fipos,text
public,BSAD,nplnr,text
public,BSAD,aufpl,text
public,BSAD,aplzl,text
public,BSAD,xegdr,text
public,BSAD,dmbe2,text
public,BSAD,dmbe3,text
public,BSAD,dmb21,text
public,BSAD,dmb22,text
public,BSAD,dmb23,text
public,BSAD,dmb31,text
public,BSAD,dmb32,text
public,BSAD,dmb33,text
public,BSAD,bdif3,text
public,BSAD,xragl,text
public,BSAD,uzawe,text
public,BSAD,xstov,text
public,BSAD,mwst2,text
public,BSAD,mwst3,text
public,BSAD,sknt2,text
public,BSAD,sknt3,text
public,BSAD,xref1,text
public,BSAD,xref2,text
public,BSAD,xarch,text
public,BSAD,pswsl,text
public,BSAD,pswbt,text
public,BSAD,lzbkz,text
public,BSAD,landl,text
public,BSAD,imkey,text
public,BSAD,vbel2,text
public,BSAD,vpos2,text
public,BSAD,posn2,text
public,BSAD,eten2,text
public,BSAD,fistl,text
public,BSAD,geber,text
public,BSAD,dabrz,text
public,BSAD,xnegp,text
public,BSAD,kostl,text
public,BSAD,rfzei,text
public,BSAD,kkber,text
public,BSAD,empfb,text
public,BSAD,prctr,text
public,BSAD,xref3,text
public,BSAD,qsskz,text
public,BSAD,zinkz,text
public,BSAD,dtws1,text
public,BSAD,dtws2,text
public,BSAD,dtws3,text
public,BSAD,dtws4,text
public,BSAD,xpypr,text
public,BSAD,kidno,text
public,BSAD,absbt,text
public,BSAD,ccbtc,text
public,BSAD,pycur,text
public,BSAD,pyamt,text
public,BSAD,bupla,text
public,BSAD,secco,text
public,BSAD,cession_kz,text
public,BSAD,ppdiff,text
public,BSAD,ppdif2,text
public,BSAD,ppdif3,text
public,BSAD,kblnr,text
public,BSAD,kblpos,text
public,BSAD,grant_nbr,text
public,BSAD,gmvkz,text
public,BSAD,srtype,text
public,BSAD,lotkz,text
public,BSAD,fkber,text
public,BSAD,intreno,text
public,BSAD,pprct,text
public,BSAD,buzid,text
public,BSAD,auggj,text
public,BSAD,hktid,text
public,BSAD,budget_pd,text
public,BSAD,pays_prov,text
public,BSAD,pays_tran,text
public,BSAD,mndid,text
public,BSAD,kontt,text
public,BSAD,kontl,text
public,BSAD,uebgdat,text
public,BSAD,vname,text
public,BSAD,egrup,text
public,BSAD,btype,text
public,BSAD,propmano,text
public,BSEG,mandt,text
public,BSEG,bukrs,text
public,BSEG,belnr,text
public,BSEG,gjahr,text
public,BSEG,buzei,text
public,BSEG,buzid,text
public,BSEG,augdt,text
public,BSEG,augcp,text
public,BSEG,augbl,text
public,BSEG,bschl,text
public,BSEG,koart,text
public,BSEG,umskz,text
public,BSEG,umsks,text
public,BSEG,zumsk,text
public,BSEG,shkzg,text
public,BSEG,gsber,text
public,BSEG,pargb,text
public,BSEG,mwskz,text
public,BSEG,qsskz,text
public,BSEG,dmbtr,text
public,BSEG,wrbtr,text
public,BSEG,kzbtr,text
public,BSEG,pswbt,text
public,BSEG,pswsl,text
public,BSEG,txbhw,text
public,BSEG,txbfw,text
public,BSEG,mwsts,text
public,BSEG,wmwst,text
public,BSEG,hwbas,text
public,BSEG,fwbas,text
public,BSEG,hwzuz,text
public,BSEG,fwzuz,text
public,BSEG,shzuz,text
public,BSEG,stekz,text
public,BSEG,mwart,text
public,BSEG,txgrp,text
public,BSEG,ktosl,text
public,BSEG,qsshb,text
public,BSEG,kursr,text
public,BSEG,gbetr,text
public,BSEG,bdiff,text
public,BSEG,bdif2,text
public,BSEG,valut,text
public,BSEG,zuonr,text
public,BSEG,sgtxt,text
public,BSEG,zinkz,text
public,BSEG,vbund,text
public,BSEG,bewar,text
public,BSEG,altkt,text
public,BSEG,vorgn,text
public,BSEG,fdlev,text
public,BSEG,fdgrp,text
public,BSEG,fdwbt,text
public,BSEG,fdtag,text
public,BSEG,fkont,text
public,BSEG,kokrs,text
public,BSEG,kostl,text
public,BSEG,projn,text
public,BSEG,aufnr,text
public,BSEG,vbeln,text
public,BSEG,vbel2,text
public,BSEG,posn2,text
public,BSEG,eten2,text
public,BSEG,anln1,text
public,BSEG,anln2,text
public,BSEG,anbwa,text
public,BSEG,bzdat,text
public,BSEG,pernr,text
public,BSEG,xumsw,text
public,BSEG,xhres,text
public,BSEG,xkres,text
public,BSEG,xopvw,text
public,BSEG,xcpdd,text
public,BSEG,xskst,text
public,BSEG,xsauf,text
public,BSEG,xspro,text
public,BSEG,xserg,text
public,BSEG,xfakt,text
public,BSEG,xuman,text
public,BSEG,xanet,text
public,BSEG,xskrl,text
public,BSEG,xinve,text
public,BSEG,xpanz,text
public,BSEG,xauto,text
public,BSEG,xncop,text
public,BSEG,xzahl,text
public,BSEG,saknr,text
public,BSEG,hkont,text
public,BSEG,kunnr,text
public,BSEG,lifnr,text
public,BSEG,filkd,text
public,BSEG,xbilk,text
public,BSEG,gvtyp,text
public,BSEG,hzuon,text
public,BSEG,zfbdt,text
public,BSEG,zterm,text
public,BSEG,zbd1t,text
public,BSEG,zbd2t,text
public,BSEG,zbd3t,text
public,BSEG,zbd1p,text
public,BSEG,zbd2p,text
public,BSEG,skfbt,text
public,BSEG,sknto,text
public,BSEG,wskto,text
public,BSEG,zlsch,text
public,BSEG,zlspr,text
public,BSEG,zbfix,text
public,BSEG,hbkid,text
public,BSEG,bvtyp,text
public,BSEG,nebtr,text
public,BSEG,mwsk1,text
public,BSEG,dmbt1,text
public,BSEG,wrbt1,text
public,BSEG,mwsk2,text
public,BSEG,dmbt2,text
public,BSEG,wrbt2,text
public,BSEG,mwsk3,text
public,BSEG,dmbt3,text
public,BSEG,wrbt3,text
public,BSEG,rebzg,text
public,BSEG,rebzj,text
public,BSEG,rebzz,text
public,BSEG,rebzt,text
public,BSEG,zollt,text
public,BSEG,zolld,text
public,BSEG,lzbkz,text
public,BSEG,landl,text
public,BSEG,diekz,text
public,BSEG,samnr,text
public,BSEG,abper,text
public,BSEG,vrskz,text
public,BSEG,vrsdt,text
public,BSEG,disbn,text
public,BSEG,disbj,text
public,BSEG,disbz,text
public,BSEG,wverw,text
public,BSEG,anfbn,text
public,BSEG,anfbj,text
public,BSEG,anfbu,text
public,BSEG,anfae,text
public,BSEG,blnbt,text
public,BSEG,blnkz,text
public,BSEG,blnpz,text
public,BSEG,mschl,text
public,BSEG,mansp,text
public,BSEG,madat,text
public,BSEG,manst,text
public,BSEG,maber,text
public,BSEG,esrnr,text
public,BSEG,esrre,text
public,BSEG,esrpz,text
public,BSEG,klibt,text
public,BSEG,qsznr,text
public,BSEG,qbshb,text
public,BSEG,qsfbt,text
public,BSEG,navhw,text
public,BSEG,navfw,text
public,BSEG,matnr,text
public,BSEG,werks,text
public,BSEG,menge,text
public,BSEG,meins,text
public,BSEG,erfmg,text
public,BSEG,erfme,text
public,BSEG,bpmng,text
public,BSEG,bprme,text
public,BSEG,ebeln,text
public,BSEG,ebelp,text
public,BSEG,zekkn,text
public,BSEG,elikz,text
public,BSEG,vprsv,text
public,BSEG,peinh,text
public,BSEG,bwkey,text
public,BSEG,bwtar,text
public,BSEG,bustw,text
public,BSEG,rewrt,text
public,BSEG,rewwr,text
public,BSEG,bonfb,text
public,BSEG,bualt,text
public,BSEG,psalt,text
public,BSEG,nprei,text
public,BSEG,tbtkz,text
public,BSEG,spgrp,text
public,BSEG,spgrm,text
public,BSEG,spgrt,text
public,BSEG,spgrg,text
public,BSEG,spgrv,text
public,BSEG,spgrq,text
public,BSEG,stceg,text
public,BSEG,egbld,text
public,BSEG,eglld,text
public,BSEG,rstgr,text
public,BSEG,ryacq,text
public,BSEG,rpacq,text
public,BSEG,rdiff,text
public,BSEG,rdif2,text
public,BSEG,prctr,text
public,BSEG,xhkom,text
public,BSEG,vname,text
public,BSEG,recid,text
public,BSEG,egrup,text
public,BSEG,vptnr,text
public,BSEG,vertt,text
public,BSEG,vertn,text
public,BSEG,vbewa,text
public,BSEG,depot,text
public,BSEG,txjcd,text
public,BSEG,imkey,text
public,BSEG,dabrz,text
public,BSEG,popts,text
public,BSEG,fipos,text
public,BSEG,kstrg,text
public,BSEG,nplnr,text
public,BSEG,aufpl,text
public,BSEG,aplzl,text
public,BSEG,projk,text
public,BSEG,paobjnr,text
public,BSEG,pasubnr,text
public,BSEG,spgrs,text
public,BSEG,spgrc,text
public,BSEG,btype,text
public,BSEG,etype,text
public,BSEG,xegdr,text
public,BSEG,lnran,text
public,BSEG,hrkft,text
public,BSEG,dmbe2,text
public,BSEG,dmbe3,text
public,BSEG,dmb21,text
public,BSEG,dmb22,text
public,BSEG,dmb23,text
public,BSEG,dmb31,text
public,BSEG,dmb32,text
public,BSEG,dmb33,text
public,BSEG,mwst2,text
public,BSEG,mwst3,text
public,BSEG,navh2,text
public,BSEG,navh3,text
public,BSEG,sknt2,text
public,BSEG,sknt3,text
public,BSEG,bdif3,text
public,BSEG,rdif3,text
public,BSEG,hwmet,text
public,BSEG,glupm,text
public,BSEG,xragl,text
public,BSEG,uzawe,text
public,BSEG,lokkt,text
public,BSEG,fistl,text
public,BSEG,geber,text
public,BSEG,stbuk,text
public,BSEG,txbh2,text
public,BSEG,txbh3,text
public,BSEG,pprct,text
public,BSEG,xref1,text
public,BSEG,xref2,text
public,BSEG,kblnr,text
public,BSEG,kblpos,text
public,BSEG,sttax,text
public,BSEG,fkber,text
public,BSEG,obzei,text
public,BSEG,xnegp,text
public,BSEG,rfzei,text
public,BSEG,ccbtc,text
public,BSEG,kkber,text
public,BSEG,empfb,text
public,BSEG,xref3,text
public,BSEG,dtws1,text
public,BSEG,dtws2,text
public,BSEG,dtws3,text
public,BSEG,dtws4,text
public,BSEG,gricd,text
public,BSEG,grirg,text
public,BSEG,gityp,text
public,BSEG,xpypr,text
public,BSEG,kidno,text
public,BSEG,absbt,text
public,BSEG,idxsp,text
public,BSEG,linfv,text
public,BSEG,kontt,text
public,BSEG,kontl,text
public,BSEG,txdat,text
public,BSEG,agzei,text
public,BSEG,pycur,text
public,BSEG,pyamt,text
public,BSEG,bupla,text
public,BSEG,secco,text
public,BSEG,lstar,text
public,BSEG,cession_kz,text
public,BSEG,prznr,text
public,BSEG,ppdiff,text
public,BSEG,ppdif2,text
public,BSEG,ppdif3,text
public,BSEG,penlc1,text
public,BSEG,penlc2,text
public,BSEG,penlc3,text
public,BSEG,penfc,text
public,BSEG,pendays,text
public,BSEG,penrc,text
public,BSEG,grant_nbr,text
public,BSEG,sctax,text
public,BSEG,fkber_long,text
public,BSEG,gmvkz,text
public,BSEG,srtype,text
public,BSEG,intreno,text
public,BSEG,measure,text
public,BSEG,auggj,text
public,BSEG,ppa_ex_ind,text
public,BSEG,docln,text
public,BSEG,segment,text
public,BSEG,psegment,text
public,BSEG,pfkber,text
public,BSEG,hktid,text
public,BSEG,kstar,text
public,BSEG,xlgclr,text
public,BSEG,taxps,text
public,BSEG,pays_prov,text
public,BSEG,pays_tran,text
public,BSEG,mndid,text
public,BSEG,xfrge_bseg,text
public,BSEG,squan,text
public,BSEG,zzspreg,text
public,BSEG,zzbuspartn,text
public,BSEG,zzchan,text
public,BSEG,zzproduct,text
public,BSEG,zzloca,text
public,BSEG,zzlob,text
public,BSEG,zzuserfld1,text
public,BSEG,zzuserfld2,text
public,BSEG,zzuserfld3,text
public,BSEG,zzstate,text
public,BSEG,zzregion,text
public,BSEG,re_bukrs,text
public,BSEG,re_account,text
public,BSEG,pgeber,text
public,BSEG,pgrant_nbr,text
public,BSEG,budget_pd,text
public,BSEG,pbudget_pd,text
public,BSEG,j_1tpbupl,text
public,BSEG,perop_beg,text
public,BSEG,perop_end,text
public,BSEG,fastpay,text
public,BSEG,ignr_ivref,text
public,BSEG,fmfgus_key,text
public,BSEG,fmxdocnr,text
public,BSEG,fmxyear,text
public,BSEG,fmxdocln,text
public,BSEG,fmxzekkn,text
public,BSEG,prodper,text
public,BSEG,gst_part,text
public,BSEG,plc_sup,text
public,BSEG,hsn_sac,text
public,BSEG,recrf,text
public,BSEG,inward_no,text
public,BSEG,inward_dt,text
public,BSEG,ground_no,text
public,BSEG,ground_dt,text
public,BSEG,ground_typ,text
public,BSEG,pymtkey,text
public,CABN,mandt,text
public,CABN,atinn,text
public,CABN,adzhl,text
public,CABN,atnam,text
public,CABN,atidn,text
public,CABN,atfor,text
public,CABN,anzst,text
public,CABN,anzdz,text
public,CABN,atvor,text
public,CABN,atsch,text
public,CABN,atkle,text
public,CABN,atkon,text
public,CABN,atend,text
public,CABN,ataen,text
public,CABN,atkla,text
public,CABN,aterf,text
public,CABN,atein,text
public,CABN,atame,text
public,CABN,atwme,text
public,CABN,msehi,text
public,CABN,atdim,text
public,CABN,atglo,text
public,CABN,atgla,text
public,CABN,atint,text
public,CABN,atuns,text
public,CABN,atson,text
public,CABN,attab,text
public,CABN,atfel,text
public,CABN,attei,text
public,CABN,atprt,text
public,CABN,atprr,text
public,CABN,atprf,text
public,CABN,atwrd,text
public,CABN,atfod,text
public,CABN,athie,text
public,CABN,atdex,text
public,CABN,atfga,text
public,CABN,atvsc,text
public,CABN,aname,text
public,CABN,adatu,text
public,CABN,vname,text
public,CABN,vdatu,text
public,CABN,atxac,text
public,CABN,atyac,text
public,CABN,atmst,text
public,CABN,atwso,text
public,CABN,atbso,text
public,CABN,datuv,text
public,CABN,techv,text
public,CABN,aennr,text
public,CABN,lkenz,text
public,CABN,atwri,text
public,CABN,dokar,text
public,CABN,doknr,text
public,CABN,dokvr,text
public,CABN,doktl,text
public,CABN,knobj,text
public,CABN,atinp,text
public,CABN,atvie,text
public,CABN,werks,text
public,CABN,katalogart,text
public,CABN,auswahlmge,text
public,CABN,athka,text
public,CABN,athko,text
public,CABN,clint,text
public,CABN,attol,text
public,CABN,atzus,text
public,CABN,atvpl,text
public,CABN,atauth,text
public,CABN,countrygrp,text
public,CABN,/ACCGO/GDC_FLAG,text
public,CABN,/ACCGO/MATERIAL,text
public,CABN,/ACCGO/CALC_RULE,text
public,CE1BGIS,mandt,text
public,CE1BGIS,paledger,text
public,CE1BGIS,vrgar,text
public,CE1BGIS,versi,text
public,CE1BGIS,perio,text
public,CE1BGIS,paobjnr,text
public,CE1BGIS,pasubnr,text
public,CE1BGIS,belnr,text
public,CE1BGIS,posnr,text
public,CE1BGIS,hzdat,text
public,CE1BGIS,usnam,text
public,CE1BGIS,gjahr,text
public,CE1BGIS,perde,text
public,CE1BGIS,wadat,text
public,CE1BGIS,fadat,text
public,CE1BGIS,budat,text
public,CE1BGIS,altperio,text
public,CE1BGIS,papaobjnr,text
public,CE1BGIS,papasubnr,text
public,CE1BGIS,kndnr,text
public,CE1BGIS,artnr,text
public,CE1BGIS,fkart,text
public,CE1BGIS,frwae,text
public,CE1BGIS,kursf,text
public,CE1BGIS,kursbk,text
public,CE1BGIS,kurskz,text
public,CE1BGIS,rec_waers,text
public,CE1BGIS,kaufn,text
public,CE1BGIS,kdpos,text
public,CE1BGIS,rkaufnr,text
public,CE1BGIS,skost,text
public,CE1BGIS,prznr,text
public,CE1BGIS,bukrs,text
public,CE1BGIS,kokrs,text
public,CE1BGIS,werks,text
public,CE1BGIS,gsber,text
public,CE1BGIS,vkorg,text
public,CE1BGIS,vtweg,text
public,CE1BGIS,spart,text
public,CE1BGIS,hrkft,text
public,CE1BGIS,plikz,text
public,CE1BGIS,kstar,text
public,CE1BGIS,pspnr,text
public,CE1BGIS,kstrg,text
public,CE1BGIS,rbeln,text
public,CE1BGIS,rposn,text
public,CE1BGIS,sto_belnr,text
public,CE1BGIS,sto_posnr,text
public,CE1BGIS,prctr,text
public,CE1BGIS,pprctr,text
public,CE1BGIS,rkestatu,text
public,CE1BGIS,timestmp,text
public,CE1BGIS,copa_awtyp,text
public,CE1BGIS,copa_aworg,text
public,CE1BGIS,copa_bwzpt,text
public,CE1BGIS,copa_awsys,text
public,CE1BGIS,brsch,text
public,CE1BGIS,bzirk,text
public,CE1BGIS,kdgrp,text
public,CE1BGIS,kmvkbu,text
public,CE1BGIS,kmvtnr,text
public,CE1BGIS,matkl,text
public,CE1BGIS,vkgrp,text
public,CE1BGIS,kmwnhg,text
public,CE1BGIS,land1,text
public,CE1BGIS,regio,text
public,CE1BGIS,kwsvme_me,text
public,CE1BGIS,kwbrum,text
public,CE1BGIS,kwboni,text
public,CE1BGIS,kwkdrb,text
public,CE1BGIS,kwmgrb,text
public,CE1BGIS,kwmarb,text
public,CE1BGIS,kwskto,text
public,CE1BGIS,kwvkpv,text
public,CE1BGIS,kwvsek,text
public,CE1BGIS,kwklfk,text
public,CE1BGIS,kwmagk,text
public,CE1BGIS,kwmaek,text
public,CE1BGIS,kwfkfx,text
public,CE1BGIS,kwfkva,text
public,CE1BGIS,kwabmg,text
public,CE1BGIS,kwabpr,text
public,CE1BGIS,kwabsg,text
public,CE1BGIS,kwgohd,text
public,CE1BGIS,kwmkdp,text
public,CE1BGIS,kwsohd,text
public,CE1BGIS,kwfoen,text
public,CE1BGIS,kwsgek,text
public,CE1BGIS,kwsvme,text
public,CE1IDEA,mandt,text
public,CE1IDEA,paledger,text
public,CE1IDEA,vrgar,text
public,CE1IDEA,versi,text
public,CE1IDEA,perio,text
public,CE1IDEA,paobjnr,text
public,CE1IDEA,pasubnr,text
public,CE1IDEA,belnr,text
public,CE1IDEA,posnr,text
public,CE1IDEA,hzdat,text
public,CE1IDEA,usnam,text
public,CE1IDEA,gjahr,text
public,CE1IDEA,perde,text
public,CE1IDEA,wadat,text
public,CE1IDEA,fadat,text
public,CE1IDEA,budat,text
public,CE1IDEA,altperio,text
public,CE1IDEA,papaobjnr,text
public,CE1IDEA,papasubnr,text
public,CE1IDEA,kndnr,text
public,CE1IDEA,artnr,text
public,CE1IDEA,fkart,text
public,CE1IDEA,frwae,text
public,CE1IDEA,kursf,text
public,CE1IDEA,kursbk,text
public,CE1IDEA,kurskz,text
public,CE1IDEA,rec_waers,text
public,CE1IDEA,kaufn,text
public,CE1IDEA,kdpos,text
public,CE1IDEA,rkaufnr,text
public,CE1IDEA,skost,text
public,CE1IDEA,prznr,text
public,CE1IDEA,bukrs,text
public,CE1IDEA,kokrs,text
public,CE1IDEA,werks,text
public,CE1IDEA,gsber,text
public,CE1IDEA,vkorg,text
public,CE1IDEA,vtweg,text
public,CE1IDEA,spart,text
public,CE1IDEA,hrkft,text
public,CE1IDEA,plikz,text
public,CE1IDEA,kstar,text
public,CE1IDEA,pspnr,text
public,CE1IDEA,kstrg,text
public,CE1IDEA,rbeln,text
public,CE1IDEA,rposn,text
public,CE1IDEA,sto_belnr,text
public,CE1IDEA,sto_posnr,text
public,CE1IDEA,prctr,text
public,CE1IDEA,pprctr,text
public,CE1IDEA,rkestatu,text
public,CE1IDEA,timestmp,text
public,CE1IDEA,copa_awtyp,text
public,CE1IDEA,copa_aworg,text
public,CE1IDEA,copa_bwzpt,text
public,CE1IDEA,copa_awsys,text
public,CE1IDEA,matkl,text
public,CE1IDEA,mvgr1,text
public,CE1IDEA,wwph1,text
public,CE1IDEA,wwph2,text
public,CE1IDEA,wwph3,text
public,CE1IDEA,wwprc,text
public,CE1IDEA,wwsop,text
public,CE1IDEA,wwsbu,text
public,CE1IDEA,kdgrp,text
public,CE1IDEA,kukla,text
public,CE1IDEA,bzirk,text
public,CE1IDEA,brsch,text
public,CE1IDEA,wwreg,text
public,CE1IDEA,land1,text
public,CE1IDEA,kunwe,text
public,CE1IDEA,wwcst,text
public,CE1IDEA,wwrst,text
public,CE1IDEA,hie01,text
public,CE1IDEA,hie02,text
public,CE1IDEA,hie03,text
public,CE1IDEA,vrtnr,text
public,CE1IDEA,vkbur,text
public,CE1IDEA,vkgrp,text
public,CE1IDEA,wwici,text
public,CE1IDEA,augru,text
public,CE1IDEA,wwpro,text
public,CE1IDEA,wwsdl,text
public,CE1IDEA,paph1,text
public,CE1IDEA,paph2,text
public,CE1IDEA,paph3,text
public,CE1IDEA,pareg,text
public,CE1IDEA,sorhist,text
public,CE1IDEA,wwmea,text
public,CE1IDEA,wwqua,text
public,CE1IDEA,wwsur,text
public,CE1IDEA,regio,text
public,CE1IDEA,crmelem,text
public,CE1IDEA,crmcsty,text
public,CE1IDEA,route,text
public,CE1IDEA,vvoqt_me,text
public,CE1IDEA,vviqt_me,text
public,CE1IDEA,vvsqt_me,text
public,CE1IDEA,vvgrw_me,text
public,CE1IDEA,vv550_me,text
public,CE1IDEA,vv560_me,text
public,CE1IDEA,vv570_me,text
public,CE1IDEA,vv580_me,text
public,CE1IDEA,vv495_me,text
public,CE1IDEA,vvstu_me,text
public,CE1IDEA,vvoqu_me,text
public,CE1IDEA,vv810_me,text
public,CE1IDEA,vv820_me,text
public,CE1IDEA,vv930_me,text
public,CE1IDEA,vv931_me,text
public,CE1IDEA,vvsv_me,text
public,CE1IDEA,vvoqt,text
public,CE1IDEA,vviqt,text
public,CE1IDEA,vvsqt,text
public,CE1IDEA,vvgrw,text
public,CE1IDEA,vv010,text
public,CE1IDEA,vv020,text
public,CE1IDEA,vv030,text
public,CE1IDEA,vv040,text
public,CE1IDEA,vv060,text
public,CE1IDEA,vv070,text
public,CE1IDEA,vv090,text
public,CE1IDEA,vv100,text
public,CE1IDEA,vv110,text
public,CE1IDEA,vv120,text
public,CE1IDEA,vv130,text
public,CE1IDEA,vv140,text
public,CE1IDEA,vv150,text
public,CE1IDEA,vv160,text
public,CE1IDEA,vv170,text
public,CE1IDEA,vv180,text
public,CE1IDEA,vv190,text
public,CE1IDEA,vv200,text
public,CE1IDEA,vv210,text
public,CE1IDEA,vv220,text
public,CE1IDEA,vv230,text
public,CE1IDEA,vv240,text
public,CE1IDEA,vv250,text
public,CE1IDEA,vv260,text
public,CE1IDEA,vv270,text
public,CE1IDEA,vv280,text
public,CE1IDEA,vv290,text
public,CE1IDEA,vv300,text
public,CE1IDEA,vv310,text
public,CE1IDEA,vv320,text
public,CE1IDEA,vv330,text
public,CE1IDEA,vv340,text
public,CE1IDEA,vv350,text
public,CE1IDEA,vv360,text
public,CE1IDEA,vv370,text
public,CE1IDEA,vv380,text
public,CE1IDEA,vv390,text
public,CE1IDEA,vv400,text
public,CE1IDEA,vv410,text
public,CE1IDEA,vv420,text
public,CE1IDEA,vv430,text
public,CE1IDEA,vv440,text
public,CE1IDEA,vv450,text
public,CE1IDEA,vv460,text
public,CE1IDEA,vv470,text
public,CE1IDEA,vv480,text
public,CE1IDEA,vv145,text
public,CE1IDEA,vv075,text
public,CE1IDEA,vv500,text
public,CE1IDEA,vv510,text
public,CE1IDEA,vv520,text
public,CE1IDEA,vv530,text
public,CE1IDEA,vv550,text
public,CE1IDEA,vv560,text
public,CE1IDEA,vv570,text
public,CE1IDEA,vv580,text
public,CE1IDEA,vv495,text
public,CE1IDEA,vvstu,text
public,CE1IDEA,vv155,text
public,CE1IDEA,vv365,text
public,CE1IDEA,vv364,text
public,CE1IDEA,vvk15,text
public,CE1IDEA,vvk20,text
public,CE1IDEA,vvk25,text
public,CE1IDEA,vvk30,text
public,CE1IDEA,vvk10,text
public,CE1IDEA,vvo10,text
public,CE1IDEA,vvo20,text
public,CE1IDEA,vvoqu,text
public,CE1IDEA,vv366,text
public,CE1IDEA,vv367,text
public,CE1IDEA,vv368,text
public,CE1IDEA,vv151,text
public,CE1IDEA,vv171,text
public,CE1IDEA,vv181,text
public,CE1IDEA,vv191,text
public,CE1IDEA,vv201,text
public,CE1IDEA,vv211,text
public,CE1IDEA,vv251,text
public,CE1IDEA,vv810,text
public,CE1IDEA,vv820,text
public,CE1IDEA,vv830,text
public,CE1IDEA,vv840,text
public,CE1IDEA,vv095,text
public,CE1IDEA,vv713,text
public,CE1IDEA,vv900,text
public,CE1IDEA,vv910,text
public,CE1IDEA,vv915,text
public,CE1IDEA,vv920,text
public,CE1IDEA,vv930,text
public,CE1IDEA,vv931,text
public,CE1IDEA,vv940,text
public,CE1IDEA,vv950,text
public,CE1IDEA,vv960,text
public,CE1IDEA,vv970,text
public,CE1IDEA,vv999,text
public,CE1IDEA,vvadv,text
public,CE1IDEA,vvcgs,text
public,CE1IDEA,vvdep,text
public,CE1IDEA,vveng,text
public,CE1IDEA,vvnr,text
public,CE1IDEA,vvpsc,text
public,CE1IDEA,vvren,text
public,CE1IDEA,vvrev,text
public,CE1IDEA,vvsd,text
public,CE1IDEA,vvcm2,text
public,CE1IDEA,vvsv,text
public,CE1IDEA,vvls1,text
public,CE1IDEA,vvls2,text
public,CE1IDEA,vvls3,text
public,CE1IDEA,ausfr,text
public,CE1INT1,mandt,text
public,CE1INT1,paledger,text
public,CE1INT1,vrgar,text
public,CE1INT1,versi,text
public,CE1INT1,perio,text
public,CE1INT1,paobjnr,text
public,CE1INT1,pasubnr,text
public,CE1INT1,belnr,text
public,CE1INT1,posnr,text
public,CE1INT1,hzdat,text
public,CE1INT1,usnam,text
public,CE1INT1,gjahr,text
public,CE1INT1,perde,text
public,CE1INT1,wadat,text
public,CE1INT1,fadat,text
public,CE1INT1,budat,text
public,CE1INT1,altperio,text
public,CE1INT1,papaobjnr,text
public,CE1INT1,papasubnr,text
public,CE1INT1,kndnr,text
public,CE1INT1,artnr,text
public,CE1INT1,fkart,text
public,CE1INT1,frwae,text
public,CE1INT1,kursf,text
public,CE1INT1,kursbk,text
public,CE1INT1,kurskz,text
public,CE1INT1,rec_waers,text
public,CE1INT1,kaufn,text
public,CE1INT1,kdpos,text
public,CE1INT1,rkaufnr,text
public,CE1INT1,skost,text
public,CE1INT1,prznr,text
public,CE1INT1,bukrs,text
public,CE1INT1,kokrs,text
public,CE1INT1,werks,text
public,CE1INT1,gsber,text
public,CE1INT1,vkorg,text
public,CE1INT1,vtweg,text
public,CE1INT1,spart,text
public,CE1INT1,hrkft,text
public,CE1INT1,plikz,text
public,CE1INT1,kstar,text
public,CE1INT1,pspnr,text
public,CE1INT1,kstrg,text
public,CE1INT1,rbeln,text
public,CE1INT1,rposn,text
public,CE1INT1,sto_belnr,text
public,CE1INT1,sto_posnr,text
public,CE1INT1,prctr,text
public,CE1INT1,pprctr,text
public,CE1INT1,rkestatu,text
public,CE1INT1,timestmp,text
public,CE1INT1,copa_awtyp,text
public,CE1INT1,copa_aworg,text
public,CE1INT1,copa_bwzpt,text
public,CE1INT1,copa_awsys,text
public,CE1INT1,matkl,text
public,CE1INT1,mvgr1,text
public,CE1INT1,wwph1,text
public,CE1INT1,wwph2,text
public,CE1INT1,wwph3,text
public,CE1INT1,wwprc,text
public,CE1INT1,wwsop,text
public,CE1INT1,wwsbu,text
public,CE1INT1,kdgrp,text
public,CE1INT1,kukla,text
public,CE1INT1,bzirk,text
public,CE1INT1,brsch,text
public,CE1INT1,wwreg,text
public,CE1INT1,land1,text
public,CE1INT1,kunwe,text
public,CE1INT1,wwcst,text
public,CE1INT1,wwrst,text
public,CE1INT1,hie01,text
public,CE1INT1,hie02,text
public,CE1INT1,hie03,text
public,CE1INT1,vrtnr,text
public,CE1INT1,vkbur,text
public,CE1INT1,vkgrp,text
public,CE1INT1,wwici,text
public,CE1INT1,augru,text
public,CE1INT1,wwpro,text
public,CE1INT1,wwsdl,text
public,CE1INT1,paph1,text
public,CE1INT1,paph2,text
public,CE1INT1,paph3,text
public,CE1INT1,pareg,text
public,CE1INT1,sorhist,text
public,CE1INT1,wwmea,text
public,CE1INT1,wwqua,text
public,CE1INT1,wwsur,text
public,CE1INT1,regio,text
public,CE1INT1,crmelem,text
public,CE1INT1,crmcsty,text
public,CE1INT1,vvoqt_me,text
public,CE1INT1,vviqt_me,text
public,CE1INT1,vvsqt_me,text
public,CE1INT1,vvgrw_me,text
public,CE1INT1,vv550_me,text
public,CE1INT1,vv560_me,text
public,CE1INT1,vv570_me,text
public,CE1INT1,vv580_me,text
public,CE1INT1,vv495_me,text
public,CE1INT1,vvstu_me,text
public,CE1INT1,vvoqu_me,text
public,CE1INT1,vv810_me,text
public,CE1INT1,vv820_me,text
public,CE1INT1,vv930_me,text
public,CE1INT1,vv931_me,text
public,CE1INT1,vvoqt,text
public,CE1INT1,vviqt,text
public,CE1INT1,vvsqt,text
public,CE1INT1,vvgrw,text
public,CE1INT1,vv010,text
public,CE1INT1,vv020,text
public,CE1INT1,vv030,text
public,CE1INT1,vv040,text
public,CE1INT1,vv060,text
public,CE1INT1,vv070,text
public,CE1INT1,vv090,text
public,CE1INT1,vv100,text
public,CE1INT1,vv110,text
public,CE1INT1,vv120,text
public,CE1INT1,vv130,text
public,CE1INT1,vv140,text
public,CE1INT1,vv150,text
public,CE1INT1,vv160,text
public,CE1INT1,vv170,text
public,CE1INT1,vv180,text
public,CE1INT1,vv190,text
public,CE1INT1,vv200,text
public,CE1INT1,vv210,text
public,CE1INT1,vv220,text
public,CE1INT1,vv230,text
public,CE1INT1,vv240,text
public,CE1INT1,vv250,text
public,CE1INT1,vv260,text
public,CE1INT1,vv270,text
public,CE1INT1,vv280,text
public,CE1INT1,vv290,text
public,CE1INT1,vv300,text
public,CE1INT1,vv310,text
public,CE1INT1,vv320,text
public,CE1INT1,vv330,text
public,CE1INT1,vv340,text
public,CE1INT1,vv350,text
public,CE1INT1,vv360,text
public,CE1INT1,vv370,text
public,CE1INT1,vv380,text
public,CE1INT1,vv390,text
public,CE1INT1,vv400,text
public,CE1INT1,vv410,text
public,CE1INT1,vv420,text
public,CE1INT1,vv430,text
public,CE1INT1,vv440,text
public,CE1INT1,vv450,text
public,CE1INT1,vv460,text
public,CE1INT1,vv470,text
public,CE1INT1,vv480,text
public,CE1INT1,vv145,text
public,CE1INT1,vv075,text
public,CE1INT1,vv500,text
public,CE1INT1,vv510,text
public,CE1INT1,vv520,text
public,CE1INT1,vv530,text
public,CE1INT1,vv550,text
public,CE1INT1,vv560,text
public,CE1INT1,vv570,text
public,CE1INT1,vv580,text
public,CE1INT1,vv495,text
public,CE1INT1,vvstu,text
public,CE1INT1,vv155,text
public,CE1INT1,vv365,text
public,CE1INT1,vv364,text
public,CE1INT1,vvk15,text
public,CE1INT1,vvk20,text
public,CE1INT1,vvk25,text
public,CE1INT1,vvk30,text
public,CE1INT1,vvk10,text
public,CE1INT1,vvo10,text
public,CE1INT1,vvo20,text
public,CE1INT1,vvoqu,text
public,CE1INT1,vv366,text
public,CE1INT1,vv367,text
public,CE1INT1,vv368,text
public,CE1INT1,vv151,text
public,CE1INT1,vv171,text
public,CE1INT1,vv181,text
public,CE1INT1,vv191,text
public,CE1INT1,vv201,text
public,CE1INT1,vv211,text
public,CE1INT1,vv251,text
public,CE1INT1,vv810,text
public,CE1INT1,vv820,text
public,CE1INT1,vv830,text
public,CE1INT1,vv840,text
public,CE1INT1,vv095,text
public,CE1INT1,vv713,text
public,CE1INT1,vv900,text
public,CE1INT1,vv910,text
public,CE1INT1,vv915,text
public,CE1INT1,vv920,text
public,CE1INT1,vv930,text
public,CE1INT1,vv931,text
public,CE1INT1,vv940,text
public,CE1INT1,vv950,text
public,CE1INT1,vv960,text
public,CE1INT1,vv970,text
public,CE1INT1,vv999,text
public,CE1PR22,mandt,text
public,CE1PR22,paledger,text
public,CE1PR22,vrgar,text
public,CE1PR22,versi,text
public,CE1PR22,perio,text
public,CE1PR22,paobjnr,text
public,CE1PR22,pasubnr,text
public,CE1PR22,belnr,text
public,CE1PR22,posnr,text
public,CE1PR22,hzdat,text
public,CE1PR22,usnam,text
public,CE1PR22,gjahr,text
public,CE1PR22,perde,text
public,CE1PR22,wadat,text
public,CE1PR22,fadat,text
public,CE1PR22,budat,text
public,CE1PR22,altperio,text
public,CE1PR22,papaobjnr,text
public,CE1PR22,papasubnr,text
public,CE1PR22,kndnr,text
public,CE1PR22,artnr,text
public,CE1PR22,fkart,text
public,CE1PR22,frwae,text
public,CE1PR22,kursf,text
public,CE1PR22,kursbk,text
public,CE1PR22,kurskz,text
public,CE1PR22,rec_waers,text
public,CE1PR22,kaufn,text
public,CE1PR22,kdpos,text
public,CE1PR22,rkaufnr,text
public,CE1PR22,skost,text
public,CE1PR22,prznr,text
public,CE1PR22,bukrs,text
public,CE1PR22,kokrs,text
public,CE1PR22,werks,text
public,CE1PR22,gsber,text
public,CE1PR22,vkorg,text
public,CE1PR22,vtweg,text
public,CE1PR22,spart,text
public,CE1PR22,hrkft,text
public,CE1PR22,plikz,text
public,CE1PR22,kstar,text
public,CE1PR22,pspnr,text
public,CE1PR22,kstrg,text
public,CE1PR22,rbeln,text
public,CE1PR22,rposn,text
public,CE1PR22,sto_belnr,text
public,CE1PR22,sto_posnr,text
public,CE1PR22,prctr,text
public,CE1PR22,pprctr,text
public,CE1PR22,rkestatu,text
public,CE1PR22,timestmp,text
public,CE1PR22,copa_awtyp,text
public,CE1PR22,copa_aworg,text
public,CE1PR22,copa_bwzpt,text
public,CE1PR22,copa_awsys,text
public,CE1PR22,matkl,text
public,CE1PR22,mvgr1,text
public,CE1PR22,wwph1,text
public,CE1PR22,wwph2,text
public,CE1PR22,wwph3,text
public,CE1PR22,wwprc,text
public,CE1PR22,wwsop,text
public,CE1PR22,wwsbu,text
public,CE1PR22,kdgrp,text
public,CE1PR22,kukla,text
public,CE1PR22,bzirk,text
public,CE1PR22,brsch,text
public,CE1PR22,wwreg,text
public,CE1PR22,land1,text
public,CE1PR22,kunwe,text
public,CE1PR22,wwcst,text
public,CE1PR22,wwrst,text
public,CE1PR22,hie01,text
public,CE1PR22,hie02,text
public,CE1PR22,hie03,text
public,CE1PR22,vrtnr,text
public,CE1PR22,vkbur,text
public,CE1PR22,vkgrp,text
public,CE1PR22,wwici,text
public,CE1PR22,augru,text
public,CE1PR22,wwpro,text
public,CE1PR22,wwsdl,text
public,CE1PR22,paph1,text
public,CE1PR22,paph2,text
public,CE1PR22,paph3,text
public,CE1PR22,pareg,text
public,CE1PR22,sorhist,text
public,CE1PR22,wwmea,text
public,CE1PR22,wwqua,text
public,CE1PR22,wwsur,text
public,CE1PR22,regio,text
public,CE1PR22,crmelem,text
public,CE1PR22,crmcsty,text
public,CE1PR22,route,text
public,CE1PR22,vvoqt_me,text
public,CE1PR22,vviqt_me,text
public,CE1PR22,vvsqt_me,text
public,CE1PR22,vvgrw_me,text
public,CE1PR22,vv550_me,text
public,CE1PR22,vv560_me,text
public,CE1PR22,vv570_me,text
public,CE1PR22,vv580_me,text
public,CE1PR22,vv495_me,text
public,CE1PR22,vvstu_me,text
public,CE1PR22,vvoqu_me,text
public,CE1PR22,vv810_me,text
public,CE1PR22,vv820_me,text
public,CE1PR22,vv930_me,text
public,CE1PR22,vv931_me,text
public,CE1PR22,vvsv_me,text
public,CE1PR22,vvoqt,text
public,CE1PR22,vviqt,text
public,CE1PR22,vvsqt,text
public,CE1PR22,vvgrw,text
public,CE1PR22,vv010,text
public,CE1PR22,vv020,text
public,CE1PR22,vv030,text
public,CE1PR22,vv040,text
public,CE1PR22,vv060,text
public,CE1PR22,vv070,text
public,CE1PR22,vv090,text
public,CE1PR22,vv100,text
public,CE1PR22,vv110,text
public,CE1PR22,vv120,text
public,CE1PR22,vv130,text
public,CE1PR22,vv140,text
public,CE1PR22,vv150,text
public,CE1PR22,vv160,text
public,CE1PR22,vv170,text
public,CE1PR22,vv180,text
public,CE1PR22,vv190,text
public,CE1PR22,vv200,text
public,CE1PR22,vv210,text
public,CE1PR22,vv220,text
public,CE1PR22,vv230,text
public,CE1PR22,vv240,text
public,CE1PR22,vv250,text
public,CE1PR22,vv260,text
public,CE1PR22,vv270,text
public,CE1PR22,vv280,text
public,CE1PR22,vv290,text
public,CE1PR22,vv300,text
public,CE1PR22,vv310,text
public,CE1PR22,vv320,text
public,CE1PR22,vv330,text
public,CE1PR22,vv340,text
public,CE1PR22,vv350,text
public,CE1PR22,vv360,text
public,CE1PR22,vv370,text
public,CE1PR22,vv380,text
public,CE1PR22,vv390,text
public,CE1PR22,vv400,text
public,CE1PR22,vv410,text
public,CE1PR22,vv420,text
public,CE1PR22,vv430,text
public,CE1PR22,vv440,text
public,CE1PR22,vv450,text
public,CE1PR22,vv460,text
public,CE1PR22,vv470,text
public,CE1PR22,vv480,text
public,CE1PR22,vv145,text
public,CE1PR22,vv075,text
public,CE1PR22,vv500,text
public,CE1PR22,vv510,text
public,CE1PR22,vv520,text
public,CE1PR22,vv530,text
public,CE1PR22,vv550,text
public,CE1PR22,vv560,text
public,CE1PR22,vv570,text
public,CE1PR22,vv580,text
public,CE1PR22,vv495,text
public,CE1PR22,vvstu,text
public,CE1PR22,vv155,text
public,CE1PR22,vv365,text
public,CE1PR22,vv364,text
public,CE1PR22,vvk15,text
public,CE1PR22,vvk20,text
public,CE1PR22,vvk25,text
public,CE1PR22,vvk30,text
public,CE1PR22,vvk10,text
public,CE1PR22,vvo10,text
public,CE1PR22,vvo20,text
public,CE1PR22,vvoqu,text
public,CE1PR22,vv366,text
public,CE1PR22,vv367,text
public,CE1PR22,vv368,text
public,CE1PR22,vv151,text
public,CE1PR22,vv171,text
public,CE1PR22,vv181,text
public,CE1PR22,vv191,text
public,CE1PR22,vv201,text
public,CE1PR22,vv211,text
public,CE1PR22,vv251,text
public,CE1PR22,vv810,text
public,CE1PR22,vv820,text
public,CE1PR22,vv830,text
public,CE1PR22,vv840,text
public,CE1PR22,vv095,text
public,CE1PR22,vv713,text
public,CE1PR22,vv900,text
public,CE1PR22,vv910,text
public,CE1PR22,vv915,text
public,CE1PR22,vv920,text
public,CE1PR22,vv930,text
public,CE1PR22,vv931,text
public,CE1PR22,vv940,text
public,CE1PR22,vv950,text
public,CE1PR22,vv960,text
public,CE1PR22,vv970,text
public,CE1PR22,vv999,text
public,CE1PR22,vvadv,text
public,CE1PR22,vvcgs,text
public,CE1PR22,vvdep,text
public,CE1PR22,vveng,text
public,CE1PR22,vvnr,text
public,CE1PR22,vvpsc,text
public,CE1PR22,vvren,text
public,CE1PR22,vvrev,text
public,CE1PR22,vvsd,text
public,CE1PR22,vvcm2,text
public,CE1PR22,vvsv,text
public,CE1PR22,vvls1,text
public,CE1PR22,vvls2,text
public,CE1PR22,vvls3,text
public,CE1PR22,ausfr,text
public,CE1R300,mandt,text
public,CE1R300,paledger,text
public,CE1R300,vrgar,text
public,CE1R300,versi,text
public,CE1R300,perio,text
public,CE1R300,paobjnr,text
public,CE1R300,pasubnr,text
public,CE1R300,belnr,text
public,CE1R300,posnr,text
public,CE1R300,hzdat,text
public,CE1R300,usnam,text
public,CE1R300,gjahr,text
public,CE1R300,perde,text
public,CE1R300,wadat,text
public,CE1R300,fadat,text
public,CE1R300,budat,text
public,CE1R300,altperio,text
public,CE1R300,papaobjnr,text
public,CE1R300,papasubnr,text
public,CE1R300,kndnr,text
public,CE1R300,artnr,text
public,CE1R300,fkart,text
public,CE1R300,frwae,text
public,CE1R300,kursf,text
public,CE1R300,kursbk,text
public,CE1R300,kurskz,text
public,CE1R300,rec_waers,text
public,CE1R300,kaufn,text
public,CE1R300,kdpos,text
public,CE1R300,rkaufnr,text
public,CE1R300,skost,text
public,CE1R300,prznr,text
public,CE1R300,bukrs,text
public,CE1R300,kokrs,text
public,CE1R300,werks,text
public,CE1R300,gsber,text
public,CE1R300,vkorg,text
public,CE1R300,vtweg,text
public,CE1R300,spart,text
public,CE1R300,hrkft,text
public,CE1R300,plikz,text
public,CE1R300,kstar,text
public,CE1R300,pspnr,text
public,CE1R300,kstrg,text
public,CE1R300,rbeln,text
public,CE1R300,rposn,text
public,CE1R300,sto_belnr,text
public,CE1R300,sto_posnr,text
public,CE1R300,prctr,text
public,CE1R300,pprctr,text
public,CE1R300,rkestatu,text
public,CE1R300,timestmp,text
public,CE1R300,copa_awtyp,text
public,CE1R300,copa_aworg,text
public,CE1R300,copa_bwzpt,text
public,CE1R300,copa_awsys,text
public,CE1R300,abtnr,text
public,CE1R300,ekorg,text
public,CE1R300,matkl,text
public,CE1R300,wgru1,text
public,CE1R300,wgru2,text
public,CE1R300,vv700_me,text
public,CE1R300,vv700,text
public,CE1R300,vv701,text
public,CE1R300,vv702,text
public,CE1R300,vv707,text
public,CE1R300,vv708,text
public,CE1R300,vv709,text
public,CE1R300,vv710,text
public,CE1R300,vv711,text
public,CE1R300,vv712,text
public,CE1R300,vv713,text
public,CE1R300,vv714,text
public,CE1R300,vv715,text
public,CE1R300,vv716,text
public,CE1R300,vv717,text
public,CE1R300,vv718,text
public,CE1R300,vv719,text
public,CE1R300,vv720,text
public,CE1R300,vv721,text
public,CE1R300,vv722,text
public,CE1R300,vv723,text
public,CE1R300,vv724,text
public,CE1R300,vv725,text
public,CE1R300,vv726,text
public,CE1R300,vv699,text
public,CE1R300,vv680,text
public,CE1R300,vv681,text
public,CE1R300,vv692,text
public,CE1R300,vv694,text
public,CE1R300,vv695,text
public,CE1R300,vv696,text
public,CE1R300,vv697,text
public,CE1R300,vv698,text
public,CE1R300,vv690,text
public,CE1R300,vv693,text
public,CE1S_AL,mandt,text
public,CE1S_AL,paledger,text
public,CE1S_AL,vrgar,text
public,CE1S_AL,versi,text
public,CE1S_AL,perio,text
public,CE1S_AL,paobjnr,text
public,CE1S_AL,pasubnr,text
public,CE1S_AL,belnr,text
public,CE1S_AL,posnr,text
public,CE1S_AL,hzdat,text
public,CE1S_AL,usnam,text
public,CE1S_AL,gjahr,text
public,CE1S_AL,perde,text
public,CE1S_AL,wadat,text
public,CE1S_AL,fadat,text
public,CE1S_AL,budat,text
public,CE1S_AL,altperio,text
public,CE1S_AL,papaobjnr,text
public,CE1S_AL,papasubnr,text
public,CE1S_AL,kndnr,text
public,CE1S_AL,artnr,text
public,CE1S_AL,fkart,text
public,CE1S_AL,frwae,text
public,CE1S_AL,kursf,text
public,CE1S_AL,kursbk,text
public,CE1S_AL,kurskz,text
public,CE1S_AL,rec_waers,text
public,CE1S_AL,kaufn,text
public,CE1S_AL,kdpos,text
public,CE1S_AL,rkaufnr,text
public,CE1S_AL,skost,text
public,CE1S_AL,prznr,text
public,CE1S_AL,bukrs,text
public,CE1S_AL,kokrs,text
public,CE1S_AL,werks,text
public,CE1S_AL,gsber,text
public,CE1S_AL,vkorg,text
public,CE1S_AL,vtweg,text
public,CE1S_AL,spart,text
public,CE1S_AL,hrkft,text
public,CE1S_AL,plikz,text
public,CE1S_AL,kstar,text
public,CE1S_AL,pspnr,text
public,CE1S_AL,kstrg,text
public,CE1S_AL,rbeln,text
public,CE1S_AL,rposn,text
public,CE1S_AL,sto_belnr,text
public,CE1S_AL,sto_posnr,text
public,CE1S_AL,prctr,text
public,CE1S_AL,pprctr,text
public,CE1S_AL,rkestatu,text
public,CE1S_AL,timestmp,text
public,CE1S_AL,copa_awtyp,text
public,CE1S_AL,copa_aworg,text
public,CE1S_AL,copa_bwzpt,text
public,CE1S_AL,copa_awsys,text
public,CE1S_AL,kmatyp,text
public,CE1S_AL,kmdest,text
public,CE1S_AL,kmfltn,text
public,CE1S_AL,kmflty,text
public,CE1S_AL,kmiata,text
public,CE1S_AL,kmlegs,text
public,CE1S_AL,kmopdy,text
public,CE1S_AL,kmorig,text
public,CE1S_AL,kmrout,text
public,CE1S_AL,kmzone,text
public,CE1S_AL,kwblok_me,text
public,CE1S_AL,kwflhr_me,text
public,CE1S_AL,kwflkm_me,text
public,CE1S_AL,kwfuel_me,text
public,CE1S_AL,kwpaxs_me,text
public,CE1S_AL,kwseat_me,text
public,CE1S_AL,kwbkpz_me,text
public,CE1S_AL,kwblks,text
public,CE1S_AL,kwblok,text
public,CE1S_AL,kwcatr,text
public,CE1S_AL,kwcrwk,text
public,CE1S_AL,kwdepr,text
public,CE1S_AL,kweuro,text
public,CE1S_AL,kwexlr,text
public,CE1S_AL,kwflhr,text
public,CE1S_AL,kwflkm,text
public,CE1S_AL,kwflsc,text
public,CE1S_AL,kwflsr,text
public,CE1S_AL,kwfrgr,text
public,CE1S_AL,kwfuel,text
public,CE1S_AL,kwfulk,text
public,CE1S_AL,kwinsr,text
public,CE1S_AL,kwireg,text
public,CE1S_AL,kwlfee,text
public,CE1S_AL,kwpaxr,text
public,CE1S_AL,kwpaxs,text
public,CE1S_AL,kwpxhd,text
public,CE1S_AL,kwresv,text
public,CE1S_AL,kwseat,text
public,CE1S_AL,kwverw,text
public,CE1S_AL,kwagtk,text
public,CE1S_AL,kwwtfx,text
public,CE1S_AL,kwwtva,text
public,CE1S_AL,kwcrgk,text
public,CE1S_AL,kwsmkt,text
public,CE1S_AL,kwgrhd,text
public,CE1S_AL,kwbkpz,text
public,CE1S_CP,mandt,text
public,CE1S_CP,paledger,text
public,CE1S_CP,vrgar,text
public,CE1S_CP,versi,text
public,CE1S_CP,perio,text
public,CE1S_CP,paobjnr,text
public,CE1S_CP,pasubnr,text
public,CE1S_CP,belnr,text
public,CE1S_CP,posnr,text
public,CE1S_CP,hzdat,text
public,CE1S_CP,usnam,text
public,CE1S_CP,gjahr,text
public,CE1S_CP,perde,text
public,CE1S_CP,wadat,text
public,CE1S_CP,fadat,text
public,CE1S_CP,budat,text
public,CE1S_CP,altperio,text
public,CE1S_CP,papaobjnr,text
public,CE1S_CP,papasubnr,text
public,CE1S_CP,kndnr,text
public,CE1S_CP,artnr,text
public,CE1S_CP,fkart,text
public,CE1S_CP,frwae,text
public,CE1S_CP,kursf,text
public,CE1S_CP,kursbk,text
public,CE1S_CP,kurskz,text
public,CE1S_CP,rec_waers,text
public,CE1S_CP,kaufn,text
public,CE1S_CP,kdpos,text
public,CE1S_CP,rkaufnr,text
public,CE1S_CP,skost,text
public,CE1S_CP,prznr,text
public,CE1S_CP,bukrs,text
public,CE1S_CP,kokrs,text
public,CE1S_CP,werks,text
public,CE1S_CP,gsber,text
public,CE1S_CP,vkorg,text
public,CE1S_CP,vtweg,text
public,CE1S_CP,spart,text
public,CE1S_CP,hrkft,text
public,CE1S_CP,plikz,text
public,CE1S_CP,kstar,text
public,CE1S_CP,pspnr,text
public,CE1S_CP,kstrg,text
public,CE1S_CP,rbeln,text
public,CE1S_CP,rposn,text
public,CE1S_CP,sto_belnr,text
public,CE1S_CP,sto_posnr,text
public,CE1S_CP,prctr,text
public,CE1S_CP,pprctr,text
public,CE1S_CP,rkestatu,text
public,CE1S_CP,timestmp,text
public,CE1S_CP,copa_awtyp,text
public,CE1S_CP,copa_aworg,text
public,CE1S_CP,copa_bwzpt,text
public,CE1S_CP,copa_awsys,text
public,CE1S_CP,kmbrnd,text
public,CE1S_CP,kmcatg,text
public,CE1S_CP,kmhi01,text
public,CE1S_CP,kmhi02,text
public,CE1S_CP,kmhi03,text
public,CE1S_CP,kmkdgr,text
public,CE1S_CP,kmland,text
public,CE1S_CP,kmmakl,text
public,CE1S_CP,kmniel,text
public,CE1S_CP,kmstge,text
public,CE1S_CP,kmvkbu,text
public,CE1S_CP,kmvkgr,text
public,CE1S_CP,kmvtnr,text
public,CE1S_CP,kwsvme_me,text
public,CE1S_CP,kwabfk,text
public,CE1S_CP,kwablg,text
public,CE1S_CP,kwablk,text
public,CE1S_CP,kwabmg,text
public,CE1S_CP,kwabpr,text
public,CE1S_CP,kwabsg,text
public,CE1S_CP,kwabst,text
public,CE1S_CP,kwakrb,text
public,CE1S_CP,kwboni,text
public,CE1S_CP,kwbrum,text
public,CE1S_CP,kwfkfx,text
public,CE1S_CP,kwfkva,text
public,CE1S_CP,kwfoen,text
public,CE1S_CP,kwkdrb,text
public,CE1S_CP,kwklfk,text
public,CE1S_CP,kwlogi,text
public,CE1S_CP,kwmaek,text
public,CE1S_CP,kwmagk,text
public,CE1S_CP,kwmarb,text
public,CE1S_CP,kwmgrb,text
public,CE1S_CP,kwmkad,text
public,CE1S_CP,kwmkdp,text
public,CE1S_CP,kwmkpr,text
public,CE1S_CP,kwskto,text
public,CE1S_CP,kwverw,text
public,CE1S_CP,kwvkpv,text
public,CE1S_CP,kwvsek,text
public,CE1S_CP,kwvtad,text
public,CE1S_CP,kwvtid,text
public,CE1S_CP,kwsvme,text
public,CE1S_GO,mandt,text
public,CE1S_GO,paledger,text
public,CE1S_GO,vrgar,text
public,CE1S_GO,versi,text
public,CE1S_GO,perio,text
public,CE1S_GO,paobjnr,text
public,CE1S_GO,pasubnr,text
public,CE1S_GO,belnr,text
public,CE1S_GO,posnr,text
public,CE1S_GO,hzdat,text
public,CE1S_GO,usnam,text
public,CE1S_GO,gjahr,text
public,CE1S_GO,perde,text
public,CE1S_GO,wadat,text
public,CE1S_GO,fadat,text
public,CE1S_GO,budat,text
public,CE1S_GO,altperio,text
public,CE1S_GO,papaobjnr,text
public,CE1S_GO,papasubnr,text
public,CE1S_GO,kndnr,text
public,CE1S_GO,artnr,text
public,CE1S_GO,fkart,text
public,CE1S_GO,frwae,text
public,CE1S_GO,kursf,text
public,CE1S_GO,kursbk,text
public,CE1S_GO,kurskz,text
public,CE1S_GO,rec_waers,text
public,CE1S_GO,kaufn,text
public,CE1S_GO,kdpos,text
public,CE1S_GO,rkaufnr,text
public,CE1S_GO,skost,text
public,CE1S_GO,prznr,text
public,CE1S_GO,bukrs,text
public,CE1S_GO,kokrs,text
public,CE1S_GO,werks,text
public,CE1S_GO,gsber,text
public,CE1S_GO,vkorg,text
public,CE1S_GO,vtweg,text
public,CE1S_GO,spart,text
public,CE1S_GO,hrkft,text
public,CE1S_GO,plikz,text
public,CE1S_GO,kstar,text
public,CE1S_GO,pspnr,text
public,CE1S_GO,kstrg,text
public,CE1S_GO,rbeln,text
public,CE1S_GO,rposn,text
public,CE1S_GO,sto_belnr,text
public,CE1S_GO,sto_posnr,text
public,CE1S_GO,prctr,text
public,CE1S_GO,pprctr,text
public,CE1S_GO,rkestatu,text
public,CE1S_GO,timestmp,text
public,CE1S_GO,copa_awtyp,text
public,CE1S_GO,copa_aworg,text
public,CE1S_GO,copa_bwzpt,text
public,CE1S_GO,copa_awsys,text
public,CE1S_GO,brsch,text
public,CE1S_GO,bzirk,text
public,CE1S_GO,kdgrp,text
public,CE1S_GO,kmvkbu,text
public,CE1S_GO,kmvtnr,text
public,CE1S_GO,matkl,text
public,CE1S_GO,vkgrp,text
public,CE1S_GO,kmwnhg,text
public,CE1S_GO,kwsvme_me,text
public,CE1S_GO,kwbrum,text
public,CE1S_GO,kwboni,text
public,CE1S_GO,kwkdrb,text
public,CE1S_GO,kwmgrb,text
public,CE1S_GO,kwmarb,text
public,CE1S_GO,kwskto,text
public,CE1S_GO,kwvkpv,text
public,CE1S_GO,kwvsek,text
public,CE1S_GO,kwklfk,text
public,CE1S_GO,kwmagk,text
public,CE1S_GO,kwmaek,text
public,CE1S_GO,kwfkfx,text
public,CE1S_GO,kwfkva,text
public,CE1S_GO,kwabmg,text
public,CE1S_GO,kwabpr,text
public,CE1S_GO,kwabsg,text
public,CE1S_GO,kwgohd,text
public,CE1S_GO,kwmkdp,text
public,CE1S_GO,kwsohd,text
public,CE1S_GO,kwfoen,text
public,CE1S_GO,kwsgek,text
public,CE1S_GO,kwsvme,text
public,CE2BGIS,mandt,text
public,CE2BGIS,paledger,text
public,CE2BGIS,vrgar,text
public,CE2BGIS,versi,text
public,CE2BGIS,paobjnr,text
public,CE2BGIS,pasubnr,text
public,CE2BGIS,belnr,text
public,CE2BGIS,perbl,text
public,CE2BGIS,hzdat,text
public,CE2BGIS,usnam,text
public,CE2BGIS,gjahr,text
public,CE2BGIS,papaobjnr,text
public,CE2BGIS,papasubnr,text
public,CE2BGIS,kndnr,text
public,CE2BGIS,artnr,text
public,CE2BGIS,fkart,text
public,CE2BGIS,frwae,text
public,CE2BGIS,rec_waers,text
public,CE2BGIS,kaufn,text
public,CE2BGIS,kdpos,text
public,CE2BGIS,rkaufnr,text
public,CE2BGIS,skost,text
public,CE2BGIS,prznr,text
public,CE2BGIS,bukrs,text
public,CE2BGIS,kokrs,text
public,CE2BGIS,werks,text
public,CE2BGIS,gsber,text
public,CE2BGIS,vkorg,text
public,CE2BGIS,vtweg,text
public,CE2BGIS,spart,text
public,CE2BGIS,hrkft,text
public,CE2BGIS,kstar,text
public,CE2BGIS,pspnr,text
public,CE2BGIS,kstrg,text
public,CE2BGIS,rbeln,text
public,CE2BGIS,rposn,text
public,CE2BGIS,prctr,text
public,CE2BGIS,pprctr,text
public,CE2BGIS,rkestatu,text
public,CE2BGIS,timestmp,text
public,CE2BGIS,brsch,text
public,CE2BGIS,bzirk,text
public,CE2BGIS,kdgrp,text
public,CE2BGIS,kmvkbu,text
public,CE2BGIS,kmvtnr,text
public,CE2BGIS,matkl,text
public,CE2BGIS,vkgrp,text
public,CE2BGIS,kmwnhg,text
public,CE2BGIS,land1,text
public,CE2BGIS,regio,text
public,CE2BGIS,kwsvme_me,text
public,CE2BGIS,kwbrum001,text
public,CE2BGIS,kwboni001,text
public,CE2BGIS,kwkdrb001,text
public,CE2BGIS,kwmgrb001,text
public,CE2BGIS,kwmarb001,text
public,CE2BGIS,kwskto001,text
public,CE2BGIS,kwvkpv001,text
public,CE2BGIS,kwvsek001,text
public,CE2BGIS,kwklfk001,text
public,CE2BGIS,kwmagk001,text
public,CE2BGIS,kwmaek001,text
public,CE2BGIS,kwfkfx001,text
public,CE2BGIS,kwfkva001,text
public,CE2BGIS,kwabmg001,text
public,CE2BGIS,kwabpr001,text
public,CE2BGIS,kwabsg001,text
public,CE2BGIS,kwgohd001,text
public,CE2BGIS,kwmkdp001,text
public,CE2BGIS,kwsohd001,text
public,CE2BGIS,kwfoen001,text
public,CE2BGIS,kwsgek001,text
public,CE2BGIS,kwsvme001,text
public,CE2IDEA,mandt,text
public,CE2IDEA,paledger,text
public,CE2IDEA,vrgar,text
public,CE2IDEA,versi,text
public,CE2IDEA,paobjnr,text
public,CE2IDEA,pasubnr,text
public,CE2IDEA,belnr,text
public,CE2IDEA,perbl,text
public,CE2IDEA,hzdat,text
public,CE2IDEA,usnam,text
public,CE2IDEA,gjahr,text
public,CE2IDEA,papaobjnr,text
public,CE2IDEA,papasubnr,text
public,CE2IDEA,kndnr,text
public,CE2IDEA,artnr,text
public,CE2IDEA,fkart,text
public,CE2IDEA,frwae,text
public,CE2IDEA,rec_waers,text
public,CE2IDEA,kaufn,text
public,CE2IDEA,kdpos,text
public,CE2IDEA,rkaufnr,text
public,CE2IDEA,skost,text
public,CE2IDEA,prznr,text
public,CE2IDEA,bukrs,text
public,CE2IDEA,kokrs,text
public,CE2IDEA,werks,text
public,CE2IDEA,gsber,text
public,CE2IDEA,vkorg,text
public,CE2IDEA,vtweg,text
public,CE2IDEA,spart,text
public,CE2IDEA,hrkft,text
public,CE2IDEA,kstar,text
public,CE2IDEA,pspnr,text
public,CE2IDEA,kstrg,text
public,CE2IDEA,rbeln,text
public,CE2IDEA,rposn,text
public,CE2IDEA,prctr,text
public,CE2IDEA,pprctr,text
public,CE2IDEA,rkestatu,text
public,CE2IDEA,timestmp,text
public,CE2IDEA,matkl,text
public,CE2IDEA,mvgr1,text
public,CE2IDEA,wwph1,text
public,CE2IDEA,wwph2,text
public,CE2IDEA,wwph3,text
public,CE2IDEA,wwprc,text
public,CE2IDEA,wwsop,text
public,CE2IDEA,wwsbu,text
public,CE2IDEA,kdgrp,text
public,CE2IDEA,kukla,text
public,CE2IDEA,bzirk,text
public,CE2IDEA,brsch,text
public,CE2IDEA,wwreg,text
public,CE2IDEA,land1,text
public,CE2IDEA,kunwe,text
public,CE2IDEA,wwcst,text
public,CE2IDEA,wwrst,text
public,CE2IDEA,hie01,text
public,CE2IDEA,hie02,text
public,CE2IDEA,hie03,text
public,CE2IDEA,vrtnr,text
public,CE2IDEA,vkbur,text
public,CE2IDEA,vkgrp,text
public,CE2IDEA,wwici,text
public,CE2IDEA,augru,text
public,CE2IDEA,wwpro,text
public,CE2IDEA,wwsdl,text
public,CE2IDEA,paph1,text
public,CE2IDEA,paph2,text
public,CE2IDEA,paph3,text
public,CE2IDEA,pareg,text
public,CE2IDEA,sorhist,text
public,CE2IDEA,wwmea,text
public,CE2IDEA,wwqua,text
public,CE2IDEA,wwsur,text
public,CE2IDEA,regio,text
public,CE2IDEA,crmelem,text
public,CE2IDEA,crmcsty,text
public,CE2IDEA,route,text
public,CE2IDEA,vvoqt_me,text
public,CE2IDEA,vviqt_me,text
public,CE2IDEA,vvsqt_me,text
public,CE2IDEA,vvgrw_me,text
public,CE2IDEA,vv550_me,text
public,CE2IDEA,vv560_me,text
public,CE2IDEA,vv570_me,text
public,CE2IDEA,vv580_me,text
public,CE2IDEA,vv495_me,text
public,CE2IDEA,vvstu_me,text
public,CE2IDEA,vvoqu_me,text
public,CE2IDEA,vv810_me,text
public,CE2IDEA,vv820_me,text
public,CE2IDEA,vv930_me,text
public,CE2IDEA,vv931_me,text
public,CE2IDEA,vvsv_me,text
public,CE2IDEA,vvoqt001,text
public,CE2IDEA,vviqt001,text
public,CE2IDEA,vvsqt001,text
public,CE2IDEA,vvgrw001,text
public,CE2IDEA,vv010001,text
public,CE2IDEA,vv020001,text
public,CE2IDEA,vv030001,text
public,CE2IDEA,vv040001,text
public,CE2IDEA,vv060001,text
public,CE2IDEA,vv070001,text
public,CE2IDEA,vv090001,text
public,CE2IDEA,vv100001,text
public,CE2IDEA,vv110001,text
public,CE2IDEA,vv120001,text
public,CE2IDEA,vv130001,text
public,CE2IDEA,vv140001,text
public,CE2IDEA,vv150001,text
public,CE2IDEA,vv160001,text
public,CE2IDEA,vv170001,text
public,CE2IDEA,vv180001,text
public,CE2IDEA,vv190001,text
public,CE2IDEA,vv200001,text
public,CE2IDEA,vv210001,text
public,CE2IDEA,vv220001,text
public,CE2IDEA,vv230001,text
public,CE2IDEA,vv240001,text
public,CE2IDEA,vv250001,text
public,CE2IDEA,vv260001,text
public,CE2IDEA,vv270001,text
public,CE2IDEA,vv280001,text
public,CE2IDEA,vv290001,text
public,CE2IDEA,vv300001,text
public,CE2IDEA,vv310001,text
public,CE2IDEA,vv320001,text
public,CE2IDEA,vv330001,text
public,CE2IDEA,vv340001,text
public,CE2IDEA,vv350001,text
public,CE2IDEA,vv360001,text
public,CE2IDEA,vv370001,text
public,CE2IDEA,vv380001,text
public,CE2IDEA,vv390001,text
public,CE2IDEA,vv400001,text
public,CE2IDEA,vv410001,text
public,CE2IDEA,vv420001,text
public,CE2IDEA,vv430001,text
public,CE2IDEA,vv440001,text
public,CE2IDEA,vv450001,text
public,CE2IDEA,vv460001,text
public,CE2IDEA,vv470001,text
public,CE2IDEA,vv480001,text
public,CE2IDEA,vv145001,text
public,CE2IDEA,vv075001,text
public,CE2IDEA,vv500001,text
public,CE2IDEA,vv510001,text
public,CE2IDEA,vv520001,text
public,CE2IDEA,vv530001,text
public,CE2IDEA,vv550001,text
public,CE2IDEA,vv560001,text
public,CE2IDEA,vv570001,text
public,CE2IDEA,vv580001,text
public,CE2IDEA,vv495001,text
public,CE2IDEA,vvstu001,text
public,CE2IDEA,vv155001,text
public,CE2IDEA,vv365001,text
public,CE2IDEA,vv364001,text
public,CE2IDEA,vvk15001,text
public,CE2IDEA,vvk20001,text
public,CE2IDEA,vvk25001,text
public,CE2IDEA,vvk30001,text
public,CE2IDEA,vvk10001,text
public,CE2IDEA,vvo10001,text
public,CE2IDEA,vvo20001,text
public,CE2IDEA,vvoqu001,text
public,CE2IDEA,vv366001,text
public,CE2IDEA,vv367001,text
public,CE2IDEA,vv368001,text
public,CE2IDEA,vv151001,text
public,CE2IDEA,vv171001,text
public,CE2IDEA,vv181001,text
public,CE2IDEA,vv191001,text
public,CE2IDEA,vv201001,text
public,CE2IDEA,vv211001,text
public,CE2IDEA,vv251001,text
public,CE2IDEA,vv810001,text
public,CE2IDEA,vv820001,text
public,CE2IDEA,vv830001,text
public,CE2IDEA,vv840001,text
public,CE2IDEA,vv095001,text
public,CE2IDEA,vv713001,text
public,CE2IDEA,vv900001,text
public,CE2IDEA,vv910001,text
public,CE2IDEA,vv915001,text
public,CE2IDEA,vv920001,text
public,CE2IDEA,vv930001,text
public,CE2IDEA,vv931001,text
public,CE2IDEA,vv940001,text
public,CE2IDEA,vv950001,text
public,CE2IDEA,vv960001,text
public,CE2IDEA,vv970001,text
public,CE2IDEA,vv999001,text
public,CE2IDEA,vvadv001,text
public,CE2IDEA,vvcgs001,text
public,CE2IDEA,vvdep001,text
public,CE2IDEA,vveng001,text
public,CE2IDEA,vvnr001,text
public,CE2IDEA,vvpsc001,text
public,CE2IDEA,vvren001,text
public,CE2IDEA,vvrev001,text
public,CE2IDEA,vvsd001,text
public,CE2IDEA,vvcm2001,text
public,CE2IDEA,vvsv001,text
public,CE2IDEA,vvls1001,text
public,CE2IDEA,vvls2001,text
public,CE2IDEA,vvls3001,text
public,CE2IDEA,ausfr001,text
public,CE2S_AL,mandt,text
public,CE2S_AL,paledger,text
public,CE2S_AL,vrgar,text
public,CE2S_AL,versi,text
public,CE2S_AL,paobjnr,text
public,CE2S_AL,pasubnr,text
public,CE2S_AL,belnr,text
public,CE2S_AL,perbl,text
public,CE2S_AL,hzdat,text
public,CE2S_AL,usnam,text
public,CE2S_AL,gjahr,text
public,CE2S_AL,papaobjnr,text
public,CE2S_AL,papasubnr,text
public,CE2S_AL,kndnr,text
public,CE2S_AL,artnr,text
public,CE2S_AL,fkart,text
public,CE2S_AL,frwae,text
public,CE2S_AL,rec_waers,text
public,CE2S_AL,kaufn,text
public,CE2S_AL,kdpos,text
public,CE2S_AL,rkaufnr,text
public,CE2S_AL,skost,text
public,CE2S_AL,prznr,text
public,CE2S_AL,bukrs,text
public,CE2S_AL,kokrs,text
public,CE2S_AL,werks,text
public,CE2S_AL,gsber,text
public,CE2S_AL,vkorg,text
public,CE2S_AL,vtweg,text
public,CE2S_AL,spart,text
public,CE2S_AL,hrkft,text
public,CE2S_AL,kstar,text
public,CE2S_AL,pspnr,text
public,CE2S_AL,kstrg,text
public,CE2S_AL,rbeln,text
public,CE2S_AL,rposn,text
public,CE2S_AL,prctr,text
public,CE2S_AL,pprctr,text
public,CE2S_AL,rkestatu,text
public,CE2S_AL,timestmp,text
public,CE2S_AL,kmatyp,text
public,CE2S_AL,kmdest,text
public,CE2S_AL,kmfltn,text
public,CE2S_AL,kmflty,text
public,CE2S_AL,kmiata,text
public,CE2S_AL,kmlegs,text
public,CE2S_AL,kmopdy,text
public,CE2S_AL,kmorig,text
public,CE2S_AL,kmrout,text
public,CE2S_AL,kmzone,text
public,CE2S_AL,kwblok_me,text
public,CE2S_AL,kwflhr_me,text
public,CE2S_AL,kwflkm_me,text
public,CE2S_AL,kwfuel_me,text
public,CE2S_AL,kwpaxs_me,text
public,CE2S_AL,kwseat_me,text
public,CE2S_AL,kwbkpz_me,text
public,CE2S_AL,kwblks001,text
public,CE2S_AL,kwblok001,text
public,CE2S_AL,kwcatr001,text
public,CE2S_AL,kwcrwk001,text
public,CE2S_AL,kwdepr001,text
public,CE2S_AL,kweuro001,text
public,CE2S_AL,kwexlr001,text
public,CE2S_AL,kwflhr001,text
public,CE2S_AL,kwflkm001,text
public,CE2S_AL,kwflsc001,text
public,CE2S_AL,kwflsr001,text
public,CE2S_AL,kwfrgr001,text
public,CE2S_AL,kwfuel001,text
public,CE2S_AL,kwfulk001,text
public,CE2S_AL,kwinsr001,text
public,CE2S_AL,kwireg001,text
public,CE2S_AL,kwlfee001,text
public,CE2S_AL,kwpaxr001,text
public,CE2S_AL,kwpaxs001,text
public,CE2S_AL,kwpxhd001,text
public,CE2S_AL,kwresv001,text
public,CE2S_AL,kwseat001,text
public,CE2S_AL,kwverw001,text
public,CE2S_AL,kwagtk001,text
public,CE2S_AL,kwwtfx001,text
public,CE2S_AL,kwwtva001,text
public,CE2S_AL,kwcrgk001,text
public,CE2S_AL,kwsmkt001,text
public,CE2S_AL,kwgrhd001,text
public,CE2S_AL,kwbkpz001,text
public,CE2S_CP,mandt,text
public,CE2S_CP,paledger,text
public,CE2S_CP,vrgar,text
public,CE2S_CP,versi,text
public,CE2S_CP,paobjnr,text
public,CE2S_CP,pasubnr,text
public,CE2S_CP,belnr,text
public,CE2S_CP,perbl,text
public,CE2S_CP,hzdat,text
public,CE2S_CP,usnam,text
public,CE2S_CP,gjahr,text
public,CE2S_CP,papaobjnr,text
public,CE2S_CP,papasubnr,text
public,CE2S_CP,kndnr,text
public,CE2S_CP,artnr,text
public,CE2S_CP,fkart,text
public,CE2S_CP,frwae,text
public,CE2S_CP,rec_waers,text
public,CE2S_CP,kaufn,text
public,CE2S_CP,kdpos,text
public,CE2S_CP,rkaufnr,text
public,CE2S_CP,skost,text
public,CE2S_CP,prznr,text
public,CE2S_CP,bukrs,text
public,CE2S_CP,kokrs,text
public,CE2S_CP,werks,text
public,CE2S_CP,gsber,text
public,CE2S_CP,vkorg,text
public,CE2S_CP,vtweg,text
public,CE2S_CP,spart,text
public,CE2S_CP,hrkft,text
public,CE2S_CP,kstar,text
public,CE2S_CP,pspnr,text
public,CE2S_CP,kstrg,text
public,CE2S_CP,rbeln,text
public,CE2S_CP,rposn,text
public,CE2S_CP,prctr,text
public,CE2S_CP,pprctr,text
public,CE2S_CP,rkestatu,text
public,CE2S_CP,timestmp,text
public,CE2S_CP,kmbrnd,text
public,CE2S_CP,kmcatg,text
public,CE2S_CP,kmhi01,text
public,CE2S_CP,kmhi02,text
public,CE2S_CP,kmhi03,text
public,CE2S_CP,kmkdgr,text
public,CE2S_CP,kmland,text
public,CE2S_CP,kmmakl,text
public,CE2S_CP,kmniel,text
public,CE2S_CP,kmstge,text
public,CE2S_CP,kmvkbu,text
public,CE2S_CP,kmvkgr,text
public,CE2S_CP,kmvtnr,text
public,CE2S_CP,kwsvme_me,text
public,CE2S_CP,kwabfk001,text
public,CE2S_CP,kwablg001,text
public,CE2S_CP,kwablk001,text
public,CE2S_CP,kwabmg001,text
public,CE2S_CP,kwabpr001,text
public,CE2S_CP,kwabsg001,text
public,CE2S_CP,kwabst001,text
public,CE2S_CP,kwakrb001,text
public,CE2S_CP,kwboni001,text
public,CE2S_CP,kwbrum001,text
public,CE2S_CP,kwfkfx001,text
public,CE2S_CP,kwfkva001,text
public,CE2S_CP,kwfoen001,text
public,CE2S_CP,kwkdrb001,text
public,CE2S_CP,kwklfk001,text
public,CE2S_CP,kwlogi001,text
public,CE2S_CP,kwmaek001,text
public,CE2S_CP,kwmagk001,text
public,CE2S_CP,kwmarb001,text
public,CE2S_CP,kwmgrb001,text
public,CE2S_CP,kwmkad001,text
public,CE2S_CP,kwmkdp001,text
public,CE2S_CP,kwmkpr001,text
public,CE2S_CP,kwskto001,text
public,CE2S_CP,kwverw001,text
public,CE2S_CP,kwvkpv001,text
public,CE2S_CP,kwvsek001,text
public,CE2S_CP,kwvtad001,text
public,CE2S_CP,kwvtid001,text
public,CE2S_CP,kwsvme001,text
public,CEPC,mandt,text
public,CEPC,prctr,text
public,CEPC,datbi,text
public,CEPC,kokrs,text
public,CEPC,datab,text
public,CEPC,ersda,text
public,CEPC,usnam,text
public,CEPC,merkmal,text
public,CEPC,abtei,text
public,CEPC,verak,text
public,CEPC,verak_user,text
public,CEPC,waers,text
public,CEPC,nprctr,text
public,CEPC,land1,text
public,CEPC,anred,text
public,CEPC,name1,text
public,CEPC,name2,text
public,CEPC,name3,text
public,CEPC,name4,text
public,CEPC,ort01,text
public,CEPC,ort02,text
public,CEPC,stras,text
public,CEPC,pfach,text
public,CEPC,pstlz,text
public,CEPC,pstl2,text
public,CEPC,spras,text
public,CEPC,telbx,text
public,CEPC,telf1,text
public,CEPC,telf2,text
public,CEPC,telfx,text
public,CEPC,teltx,text
public,CEPC,telx1,text
public,CEPC,datlt,text
public,CEPC,drnam,text
public,CEPC,khinr,text
public,CEPC,bukrs,text
public,CEPC,vname,text
public,CEPC,recid,text
public,CEPC,etype,text
public,CEPC,txjcd,text
public,CEPC,regio,text
public,CEPC,kvewe,text
public,CEPC,kappl,text
public,CEPC,kalsm,text
public,CEPC,logsystem,text
public,CEPC,lock_ind,text
public,CEPC,pca_template,text
public,CEPC,segment,text
public,CKHS,mandt,text
public,CKHS,lednr,text
public,CKHS,bzobj,text
public,CKHS,kalnr,text
public,CKHS,kalka,text
public,CKHS,kadky,text
public,CKHS,tvers,text
public,CKHS,bwvar,text
public,CKHS,kkzma,text
public,CKHS,bukrs,text
public,CKHS,kokrs,text
public,CKHS,fcpmg,text
public,CKHS,froper,text
public,CKHS,diper,text
public,CKHS,toper,text
public,CKHS,kkart,text
public,CKHS,gjahr,text
public,CKHS,erfdt,text
public,CKHS,erfnm,text
public,CKHS,aendt,text
public,CKHS,aennm,text
public,CKHS,absdt,text
public,CKHS,absnm,text
public,CKHS,krsdt,text
public,CKHS,statk,text
public,CKHS,strng,text
public,CKHS,psdat,text
public,CKHS,menge,text
public,CKHS,meeht,text
public,CKHS,hwges,text
public,CKHS,hwgfx,text
public,CKHS,fwges,text
public,CKHS,hwaer,text
public,CKHS,fwaer,text
public,CKHS,ukurs,text
public,CKHS,kurst,text
public,CKHS,ffact,text
public,CKHS,tfact,text
public,CKHS,gwrt1,text
public,CKHS,gwrt2,text
public,CKHS,gwrt3,text
public,CKHS,gwrt4,text
public,CKHS,gwrt5,text
public,CKHS,stflg,text
public,CKHS,ztflg,text
public,CKHS,fvflg,text
public,CKHS,dlflg,text
public,CKHS,frflg,text
public,CKHS,prvfn,text
public,CKHS,pkanz,text
public,CKHS,psanz,text
public,CKHS,knnz1,text
public,CKHS,knnz2,text
public,CKHS,knnz3,text
public,CKHS,knnz4,text
public,CKHS,knnz5,text
public,CKHS,me_summ1,text
public,CKHS,summ1_kpf,text
public,CKHS,summ2_kpf,text
public,CKHS,summ3_kpf,text
public,CKHS,extnr,text
public,CKHS,kostl,text
public,CKHS,aufnr,text
public,CKHS,kstar,text
public,CKHS,hrkft,text
public,CKHS,kalsm,text
public,CKHS,zschl,text
public,CKHS,template,text
public,CKHS,objnr,text
public,CKHS,twges,text
public,CKHS,tkurst,text
public,CKHS,twaer,text
public,CKHS,kkbwvar,text
public,CKHS,kksaprl,text
public,CKHS,tkurs,text
public,CKHS,kzroh,text
public,CKHS,filepath,text
public,CKHS,filename,text
public,CKHS,ckcm,text
public,CKHS,ckcmv,text
public,CKHS,maxcid,text
public,CKHS,inthier,text
public,CKHS,log_handle,text
public,CKIS,mandt,text
public,CKIS,lednr,text
public,CKIS,bzobj,text
public,CKIS,kalnr,text
public,CKIS,kalka,text
public,CKIS,kadky,text
public,CKIS,tvers,text
public,CKIS,bwvar,text
public,CKIS,kkzma,text
public,CKIS,posnr,text
public,CKIS,statp,text
public,CKIS,strgp,text
public,CKIS,typps,text
public,CKIS,kstar,text
public,CKIS,kstar_manual,text
public,CKIS,hrkft,text
public,CKIS,elemt,text
public,CKIS,elemtns,text
public,CKIS,fvflg,text
public,CKIS,opcod,text
public,CKIS,frlnr,text
public,CKIS,bukrs,text
public,CKIS,werks,text
public,CKIS,matnr,text
public,CKIS,pschl,text
public,CKIS,kokrs_hrk,text
public,CKIS,extnr,text
public,CKIS,gpreis,text
public,CKIS,fpreis,text
public,CKIS,peinh,text
public,CKIS,pmeht,text
public,CKIS,price_manual,text
public,CKIS,wertb,text
public,CKIS,wertn,text
public,CKIS,wrtfx,text
public,CKIS,wrtfw_kpf,text
public,CKIS,wrtfw_kfx,text
public,CKIS,fwaer_kpf,text
public,CKIS,wrtfw_pos,text
public,CKIS,wrtfw_pfx,text
public,CKIS,fwaer,text
public,CKIS,mkurs,text
public,CKIS,fweht,text
public,CKIS,menge,text
public,CKIS,meeht,text
public,CKIS,summ1,text
public,CKIS,summ2,text
public,CKIS,summ3,text
public,CKIS,dpreis,text
public,CKIS,preis1,text
public,CKIS,preis2,text
public,CKIS,preis3,text
public,CKIS,preis4,text
public,CKIS,preis5,text
public,CKIS,pfkt1,text
public,CKIS,pfkt2,text
public,CKIS,pfkt3,text
public,CKIS,pfkt4,text
public,CKIS,pfkt5,text
public,CKIS,zuabs,text
public,CKIS,zufkt,text
public,CKIS,psknz,text
public,CKIS,sbdkz,text
public,CKIS,vtknz,text
public,CKIS,lstar,text
public,CKIS,arbid,text
public,CKIS,kostl,text
public,CKIS,infnr,text
public,CKIS,ekorg,text
public,CKIS,esokz,text
public,CKIS,lifnr,text
public,CKIS,ebeln,text
public,CKIS,ebelp,text
public,CKIS,steus,text
public,CKIS,fxpru,text
public,CKIS,stpos,text
public,CKIS,afakt,text
public,CKIS,bwtar,text
public,CKIS,mkalk,text
public,CKIS,btyp,text
public,CKIS,kalnr_ba,text
public,CKIS,misch_verh,text
public,CKIS,umrez,text
public,CKIS,umren,text
public,CKIS,ausmg,text
public,CKIS,ausmgko,text
public,CKIS,ausproz,text
public,CKIS,aplzl,text
public,CKIS,vornr,text
public,CKIS,uvorn,text
public,CKIS,steas,text
public,CKIS,posnr_ext,text
public,CKIS,pointer1,text
public,CKIS,pointer2,text
public,CKIS,pointer3,text
public,CKIS,opreis,text
public,CKIS,opreifx,text
public,CKIS,tpreis,text
public,CKIS,tpreifx,text
public,CKIS,patnr,text
public,CKIS,verws,text
public,CKIS,prskz,text
public,CKIS,strat,text
public,CKIS,substrat,text
public,CKIS,tkurs,text
public,CKIS,selkz,text
public,CKIS,vrggrp,text
public,CKIS,kkzmm,text
public,CKIS,ssedd,text
public,CKIS,fehlkz,text
public,CKIS,no_ccsplit,text
public,CKIS,schkz,text
public,CKIS,schkzns,text
public,CKIS,ufield_mode,text
public,CKIS,ukaln,text
public,CKIS,ukalka,text
public,CKIS,ukadky,text
public,CKIS,utvers,text
public,CKIS,ubwvar,text
public,CKIS,hkmat,text
public,CKIS,sposn,text
public,CKIS,ustrat,text
public,CKIS,baugr,text
public,CKIS,asnum,text
public,CKIS,peinh_2,text
public,CKIS,peinh_3,text
public,CKIS,prznr,text
public,CKIS,nlag,text
public,CKIS,prctr,text
public,CKIS,gsber,text
public,CKIS,pspnr,text
public,CKIS,parob,text
public,CKIS,kzanw,text
public,CKIS,kzlb,text
public,CKIS,subkey,text
public,CKIS,kzwso,text
public,CKIS,disst,text
public,CKIS,cuobj,text
public,CKIS,gentyp,text
public,CKIS,component_id,text
public,CKIT,mandt,text
public,CKIT,lednr,text
public,CKIT,bzobj,text
public,CKIT,kalnr,text
public,CKIT,kalka,text
public,CKIT,kadky,text
public,CKIT,tvers,text
public,CKIT,bwvar,text
public,CKIT,kkzma,text
public,CKIT,posnr,text
public,CKIT,spras,text
public,CKIT,ltext,text
public,CKMLCR,mandt,text
public,CKMLCR,kalnr,text
public,CKMLCR,bdatj,text
public,CKMLCR,poper,text
public,CKMLCR,untper,text
public,CKMLCR,curtp,text
public,CKMLCR,peinh,text
public,CKMLCR,vprsv,text
public,CKMLCR,stprs,text
public,CKMLCR,pvprs,text
public,CKMLCR,waers,text
public,CKMLCR,salk3,text
public,CKMLCR,salkv,text
public,CKMLCR,zuumb_o,text
public,CKMLCR,abprd_o,text
public,CKMLCR,abkdm_o,text
public,CKMLCR,zuprd_o,text
public,CKMLCR,zukdm_o,text
public,CKMLCR,vpprd_o,text
public,CKMLCR,vpkdm_o,text
public,CKMLCR,vppbprd_o,text
public,CKMLCR,vppbkdm_o,text
public,CKMLCR,vnprd_o,text
public,CKMLCR,vnkdm_o,text
public,CKMLCR,ekprd_o,text
public,CKMLCR,ekkdm_o,text
public,CKMLCR,pbprd_o,text
public,CKMLCR,pbkdm_o,text
public,CKMLCR,vnprd_ea,text
public,CKMLCR,vnkdm_ea,text
public,CKMLCR,ebprd_ea,text
public,CKMLCR,ebkdm_ea,text
public,CKMLCR,zuumb_a,text
public,CKMLCR,zuprd_a,text
public,CKMLCR,zukdm_a,text
public,CKMLCR,ekprd_a,text
public,CKMLCR,ekkdm_a,text
public,CKMLCR,pbprd_a,text
public,CKMLCR,pbkdm_a,text
public,CKMLCR,abprd_mo,text
public,CKMLCR,abkdm_mo,text
public,CKMLCR,zuprd_mo,text
public,CKMLCR,zukdm_mo,text
public,CKMLCR,vnprd_ma,text
public,CKMLCR,vnkdm_ma,text
public,CKMLCR,ebprd_ma,text
public,CKMLCR,ebkdm_ma,text
public,CKMLCR,absalk3,text
public,CKMLCR,zukdm_ost,text
public,CKMLCR,ekkdm_ost,text
public,CKMLCR,pbkdm_ost,text
public,CKMLCR,vpkdm_ost,text
public,CKMLCR,vppbkdm_ost,text
public,CKMLCR,vnkdm_ost,text
public,CKMLCR,markup_o,text
public,CKMLHD,mandt,text
public,CKMLHD,kalnr,text
public,CKMLHD,mlast,text
public,CKMLHD,xabrech,text
public,CKMLHD,abrechdat,text
public,CKMLHD,xabrerr,text
public,CKMLHD,abrechuhr,text
public,CKMLHD,matnr,text
public,CKMLHD,bwkey,text
public,CKMLHD,bwtar,text
public,CKMLHD,kzbws,text
public,CKMLHD,xobew,text
public,CKMLHD,sobkz,text
public,CKMLHD,vbeln,text
public,CKMLHD,posnr,text
public,CKMLHD,pspnr,text
public,CKMLHD,lifnr,text
public,CKMLPP,mandt,text
public,CKMLPP,kalnr,text
public,CKMLPP,bdatj,text
public,CKMLPP,poper,text
public,CKMLPP,untper,text
public,CKMLPP,kz_abger,text
public,CKMLPP,xkonchk,text
public,CKMLPP,status,text
public,CKMLPP,meins,text
public,CKMLPP,saprl,text
public,CKMLPP,xerror,text
public,CKMLPP,cd_ok,text
public,CKMLPP,xnewccsnextmon,text
public,CKMLPP,xmymp,text
public,CKMLPP,lbkum,text
public,CKMLPP,umkumo,text
public,CKMLPP,abkumo,text
public,CKMLPP,zukumo,text
public,CKMLPP,szkumo,text
public,CKMLPP,vpkumo,text
public,CKMLPP,vnkumo,text
public,CKMLPP,ekkumo,text
public,CKMLPP,pbkumo,text
public,CKMLPP,pbpopo,text
public,CKMLPP,vppopo,text
public,CKMLPP,umkuma,text
public,CKMLPP,zukuma,text
public,CKMLPP,ekkuma,text
public,CKMLPP,pbkuma,text
public,CKMLPP,xvnb,text
public,CKMLPP,xwip,text
public,CKMLPP,xobjwip,text
public,CKMLPP,xnopl,text
public,CKMLPP,xmstuf,text
public,CKMLPP,xckmm,text
public,CKMLPP,xclean,text
public,CKMLPP,xavrsim,text
public,CKMLPR,mandt,text
public,CKMLPR,kalnr,text
public,CKMLPR,curtp,text
public,CKMLPR,peinh,text
public,CKMLPR,zprsdat,text
public,CKMLPR,zkprs,text
public,CKMLPR,kalkz,text
public,CKMLPR,pprdz,text
public,CKMLPR,pdatz,text
public,CKMLPR,bwva1,text
public,CKMLPR,vers1,text
public,CKMLPR,zplpr,text
public,CKMLPR,fplpx,text
public,CKMLPR,zbwst,text
public,CKMLPR,kalkl,text
public,CKMLPR,pprdl,text
public,CKMLPR,pdatl,text
public,CKMLPR,bwva2,text
public,CKMLPR,vers2,text
public,CKMLPR,lplpr,text
public,CKMLPR,lplpx,text
public,CKMLPR,lbwst,text
public,CKMLPR,kalkv,text
public,CKMLPR,pprdv,text
public,CKMLPR,pdatv,text
public,CKMLPR,bwva3,text
public,CKMLPR,vers3,text
public,CKMLPR,vplpr,text
public,CKMLPR,vplpx,text
public,CKMLPR,cbwst,text
public,CKMLPR,set_by_marking,text
public,CKMLPR,eibdatj,text
public,CKMLPR,eipoper,text
public,CKMLPR,eiprice,text
public,COEP,mandt,text
public,COEP,kokrs,text
public,COEP,belnr,text
public,COEP,buzei,text
public,COEP,perio,text
public,COEP,wtgbtr,text
public,COEP,wogbtr,text
public,COEP,wkgbtr,text
public,COEP,wkfbtr,text
public,COEP,pagbtr,text
public,COEP,pafbtr,text
public,COEP,megbtr,text
public,COEP,mefbtr,text
public,COEP,mbgbtr,text
public,COEP,mbfbtr,text
public,COEP,lednr,text
public,COEP,objnr,text
public,COEP,gjahr,text
public,COEP,wrttp,text
public,COEP,versn,text
public,COEP,kstar,text
public,COEP,hrkft,text
public,COEP,vrgng,text
public,COEP,parob,text
public,COEP,parob1,text
public,COEP,uspob,text
public,COEP,vbund,text
public,COEP,pargb,text
public,COEP,beknz,text
public,COEP,twaer,text
public,COEP,owaer,text
public,COEP,meinh,text
public,COEP,meinb,text
public,COEP,mvflg,text
public,COEP,sgtxt,text
public,COEP,refbz,text
public,COEP,zlenr,text
public,COEP,bw_refbz,text
public,COEP,gkont,text
public,COEP,gkoar,text
public,COEP,werks,text
public,COEP,matnr,text
public,COEP,rbest,text
public,COEP,ebeln,text
public,COEP,ebelp,text
public,COEP,zekkn,text
public,COEP,erlkz,text
public,COEP,pernr,text
public,COEP,btrkl,text
public,COEP,objnr_n1,text
public,COEP,objnr_n2,text
public,COEP,objnr_n3,text
public,COEP,paobjnr,text
public,COEP,beltp,text
public,COEP,bukrs,text
public,COEP,gsber,text
public,COEP,fkber,text
public,COEP,scope,text
public,COEP,logsyso,text
public,COEP,pkstar,text
public,COEP,pbukrs,text
public,COEP,pfkber,text
public,COEP,pscope,text
public,COEP,logsysp,text
public,COEP,dabrz,text
public,COEP,bwstrat,text
public,COEP,objnr_hk,text
public,COEP,timestmp,text
public,COEP,qmnum,text
public,COEP,geber,text
public,COEP,pgeber,text
public,COEP,grant_nbr,text
public,COEP,pgrant_nbr,text
public,COEP,refbz_fi,text
public,COEP,segment,text
public,COEP,psegment,text
public,COEP,budget_pd,text
public,COEP,pbudget_pd,text
public,COEP,prodper,text
public,COEP,zzspreg,text
public,COEP,zzbuspartn,text
public,COEP,zzproduct,text
public,COEP,zzloca,text
public,COEP,zzchan,text
public,COEP,zzlob,text
public,COEP,zznfal,text
public,COEP,zzuserfld1,text
public,COEP,zzuserfld2,text
public,COEP,zzuserfld3,text
public,COEP,zzregion,text
public,COEP,zzstate,text
public,COEP,z_prs_offshore,text
public,COEP,z_prs_bill_flag,text
public,COEP,z_prs_country,text
public,COEP,z_prs_chargelevl,text
public,COSP,mandt,text
public,COSP,lednr,text
public,COSP,objnr,text
public,COSP,gjahr,text
public,COSP,wrttp,text
public,COSP,versn,text
public,COSP,kstar,text
public,COSP,hrkft,text
public,COSP,vrgng,text
public,COSP,vbund,text
public,COSP,pargb,text
public,COSP,beknz,text
public,COSP,twaer,text
public,COSP,perbl,text
public,COSP,meinh,text
public,COSP,wtg001,text
public,COSP,wtg002,text
public,COSP,wtg003,text
public,COSP,wtg004,text
public,COSP,wtg005,text
public,COSP,wtg006,text
public,COSP,wtg007,text
public,COSP,wtg008,text
public,COSP,wtg009,text
public,COSP,wtg010,text
public,COSP,wtg011,text
public,COSP,wtg012,text
public,COSP,wtg013,text
public,COSP,wtg014,text
public,COSP,wtg015,text
public,COSP,wtg016,text
public,COSP,wog001,text
public,COSP,wog002,text
public,COSP,wog003,text
public,COSP,wog004,text
public,COSP,wog005,text
public,COSP,wog006,text
public,COSP,wog007,text
public,COSP,wog008,text
public,COSP,wog009,text
public,COSP,wog010,text
public,COSP,wog011,text
public,COSP,wog012,text
public,COSP,wog013,text
public,COSP,wog014,text
public,COSP,wog015,text
public,COSP,wog016,text
public,COSP,wkg001,text
public,COSP,wkg002,text
public,COSP,wkg003,text
public,COSP,wkg004,text
public,COSP,wkg005,text
public,COSP,wkg006,text
public,COSP,wkg007,text
public,COSP,wkg008,text
public,COSP,wkg009,text
public,COSP,wkg010,text
public,COSP,wkg011,text
public,COSP,wkg012,text
public,COSP,wkg013,text
public,COSP,wkg014,text
public,COSP,wkg015,text
public,COSP,wkg016,text
public,COSP,wkf001,text
public,COSP,wkf002,text
public,COSP,wkf003,text
public,COSP,wkf004,text
public,COSP,wkf005,text
public,COSP,wkf006,text
public,COSP,wkf007,text
public,COSP,wkf008,text
public,COSP,wkf009,text
public,COSP,wkf010,text
public,COSP,wkf011,text
public,COSP,wkf012,text
public,COSP,wkf013,text
public,COSP,wkf014,text
public,COSP,wkf015,text
public,COSP,wkf016,text
public,COSP,pag001,text
public,COSP,pag002,text
public,COSP,pag003,text
public,COSP,pag004,text
public,COSP,pag005,text
public,COSP,pag006,text
public,COSP,pag007,text
public,COSP,pag008,text
public,COSP,pag009,text
public,COSP,pag010,text
public,COSP,pag011,text
public,COSP,pag012,text
public,COSP,pag013,text
public,COSP,pag014,text
public,COSP,pag015,text
public,COSP,pag016,text
public,COSP,meg001,text
public,COSP,meg002,text
public,COSP,meg003,text
public,COSP,meg004,text
public,COSP,meg005,text
public,COSP,meg006,text
public,COSP,meg007,text
public,COSP,meg008,text
public,COSP,meg009,text
public,COSP,meg010,text
public,COSP,meg011,text
public,COSP,meg012,text
public,COSP,meg013,text
public,COSP,meg014,text
public,COSP,meg015,text
public,COSP,meg016,text
public,COSP,mef001,text
public,COSP,mef002,text
public,COSP,mef003,text
public,COSP,mef004,text
public,COSP,mef005,text
public,COSP,mef006,text
public,COSP,mef007,text
public,COSP,mef008,text
public,COSP,mef009,text
public,COSP,mef010,text
public,COSP,mef011,text
public,COSP,mef012,text
public,COSP,mef013,text
public,COSP,mef014,text
public,COSP,mef015,text
public,COSP,mef016,text
public,COSP,muv001,text
public,COSP,muv002,text
public,COSP,muv003,text
public,COSP,muv004,text
public,COSP,muv005,text
public,COSP,muv006,text
public,COSP,muv007,text
public,COSP,muv008,text
public,COSP,muv009,text
public,COSP,muv010,text
public,COSP,muv011,text
public,COSP,muv012,text
public,COSP,muv013,text
public,COSP,muv014,text
public,COSP,muv015,text
public,COSP,muv016,text
public,COSP,beltp,text
public,COSP,timestmp,text
public,COSP,bukrs,text
public,COSP,fkber,text
public,COSP,segment,text
public,COSP,geber,text
public,COSP,grant_nbr,text
public,COSP,budget_pd,text
public,COSS,mandt,text
public,COSS,lednr,text
public,COSS,objnr,text
public,COSS,gjahr,text
public,COSS,wrttp,text
public,COSS,versn,text
public,COSS,kstar,text
public,COSS,hrkft,text
public,COSS,vrgng,text
public,COSS,parob,text
public,COSS,uspob,text
public,COSS,beknz,text
public,COSS,twaer,text
public,COSS,perbl,text
public,COSS,meinh,text
public,COSS,wtg001,text
public,COSS,wtg002,text
public,COSS,wtg003,text
public,COSS,wtg004,text
public,COSS,wtg005,text
public,COSS,wtg006,text
public,COSS,wtg007,text
public,COSS,wtg008,text
public,COSS,wtg009,text
public,COSS,wtg010,text
public,COSS,wtg011,text
public,COSS,wtg012,text
public,COSS,wtg013,text
public,COSS,wtg014,text
public,COSS,wtg015,text
public,COSS,wtg016,text
public,COSS,wog001,text
public,COSS,wog002,text
public,COSS,wog003,text
public,COSS,wog004,text
public,COSS,wog005,text
public,COSS,wog006,text
public,COSS,wog007,text
public,COSS,wog008,text
public,COSS,wog009,text
public,COSS,wog010,text
public,COSS,wog011,text
public,COSS,wog012,text
public,COSS,wog013,text
public,COSS,wog014,text
public,COSS,wog015,text
public,COSS,wog016,text
public,COSS,wkg001,text
public,COSS,wkg002,text
public,COSS,wkg003,text
public,COSS,wkg004,text
public,COSS,wkg005,text
public,COSS,wkg006,text
public,COSS,wkg007,text
public,COSS,wkg008,text
public,COSS,wkg009,text
public,COSS,wkg010,text
public,COSS,wkg011,text
public,COSS,wkg012,text
public,COSS,wkg013,text
public,COSS,wkg014,text
public,COSS,wkg015,text
public,COSS,wkg016,text
public,COSS,wkf001,text
public,COSS,wkf002,text
public,COSS,wkf003,text
public,COSS,wkf004,text
public,COSS,wkf005,text
public,COSS,wkf006,text
public,COSS,wkf007,text
public,COSS,wkf008,text
public,COSS,wkf009,text
public,COSS,wkf010,text
public,COSS,wkf011,text
public,COSS,wkf012,text
public,COSS,wkf013,text
public,COSS,wkf014,text
public,COSS,wkf015,text
public,COSS,wkf016,text
public,COSS,pag001,text
public,COSS,pag002,text
public,COSS,pag003,text
public,COSS,pag004,text
public,COSS,pag005,text
public,COSS,pag006,text
public,COSS,pag007,text
public,COSS,pag008,text
public,COSS,pag009,text
public,COSS,pag010,text
public,COSS,pag011,text
public,COSS,pag012,text
public,COSS,pag013,text
public,COSS,pag014,text
public,COSS,pag015,text
public,COSS,pag016,text
public,COSS,paf001,text
public,COSS,paf002,text
public,COSS,paf003,text
public,COSS,paf004,text
public,COSS,paf005,text
public,COSS,paf006,text
public,COSS,paf007,text
public,COSS,paf008,text
public,COSS,paf009,text
public,COSS,paf010,text
public,COSS,paf011,text
public,COSS,paf012,text
public,COSS,paf013,text
public,COSS,paf014,text
public,COSS,paf015,text
public,COSS,paf016,text
public,COSS,meg001,text
public,COSS,meg002,text
public,COSS,meg003,text
public,COSS,meg004,text
public,COSS,meg005,text
public,COSS,meg006,text
public,COSS,meg007,text
public,COSS,meg008,text
public,COSS,meg009,text
public,COSS,meg010,text
public,COSS,meg011,text
public,COSS,meg012,text
public,COSS,meg013,text
public,COSS,meg014,text
public,COSS,meg015,text
public,COSS,meg016,text
public,COSS,mef001,text
public,COSS,mef002,text
public,COSS,mef003,text
public,COSS,mef004,text
public,COSS,mef005,text
public,COSS,mef006,text
public,COSS,mef007,text
public,COSS,mef008,text
public,COSS,mef009,text
public,COSS,mef010,text
public,COSS,mef011,text
public,COSS,mef012,text
public,COSS,mef013,text
public,COSS,mef014,text
public,COSS,mef015,text
public,COSS,mef016,text
public,COSS,muv001,text
public,COSS,muv002,text
public,COSS,muv003,text
public,COSS,muv004,text
public,COSS,muv005,text
public,COSS,muv006,text
public,COSS,muv007,text
public,COSS,muv008,text
public,COSS,muv009,text
public,COSS,muv010,text
public,COSS,muv011,text
public,COSS,muv012,text
public,COSS,muv013,text
public,COSS,muv014,text
public,COSS,muv015,text
public,COSS,muv016,text
public,COSS,beltp,text
public,COSS,timestmp,text
public,COSS,bukrs,text
public,COSS,fkber,text
public,COSS,segment,text
public,COSS,geber,text
public,COSS,grant_nbr,text
public,COSS,budget_pd,text
public,CRHD,mandt,text
public,CRHD,objty,text
public,CRHD,objid,text
public,CRHD,begda,text
public,CRHD,endda,text
public,CRHD,aedat_grnd,text
public,CRHD,aenam_grnd,text
public,CRHD,aedat_vora,text
public,CRHD,aenam_vora,text
public,CRHD,aedat_term,text
public,CRHD,aenam_term,text
public,CRHD,aedat_tech,text
public,CRHD,aenam_tech,text
public,CRHD,arbpl,text
public,CRHD,werks,text
public,CRHD,verwe,text
public,CRHD,lvorm,text
public,CRHD,par01,text
public,CRHD,par02,text
public,CRHD,par03,text
public,CRHD,par04,text
public,CRHD,par05,text
public,CRHD,par06,text
public,CRHD,paru1,text
public,CRHD,paru2,text
public,CRHD,paru3,text
public,CRHD,paru4,text
public,CRHD,paru5,text
public,CRHD,paru6,text
public,CRHD,parv1,text
public,CRHD,parv2,text
public,CRHD,parv3,text
public,CRHD,parv4,text
public,CRHD,parv5,text
public,CRHD,parv6,text
public,CRHD,planv,text
public,CRHD,stand,text
public,CRHD,veran,text
public,CRHD,vgwts,text
public,CRHD,vgm01,text
public,CRHD,vgm02,text
public,CRHD,vgm03,text
public,CRHD,vgm04,text
public,CRHD,vgm05,text
public,CRHD,vgm06,text
public,CRHD,xdefa,text
public,CRHD,xkost,text
public,CRHD,xsprr,text
public,CRHD,xterm,text
public,CRHD,zgr01,text
public,CRHD,zgr02,text
public,CRHD,zgr03,text
public,CRHD,zgr04,text
public,CRHD,zgr05,text
public,CRHD,zgr06,text
public,CRHD,ktsch,text
public,CRHD,loanz,text
public,CRHD,loart,text
public,CRHD,logrp,text
public,CRHD,qualf,text
public,CRHD,rasch,text
public,CRHD,steus,text
public,CRHD,vge01,text
public,CRHD,vge02,text
public,CRHD,vge03,text
public,CRHD,vge04,text
public,CRHD,vge05,text
public,CRHD,vge06,text
public,CRHD,ktsch_ref,text
public,CRHD,loart_ref,text
public,CRHD,loanz_ref,text
public,CRHD,logrp_ref,text
public,CRHD,qualf_ref,text
public,CRHD,rasch_ref,text
public,CRHD,steus_ref,text
public,CRHD,fort1,text
public,CRHD,fort2,text
public,CRHD,fort3,text
public,CRHD,kapid,text
public,CRHD,ortgr,text
public,CRHD,zeiwn,text
public,CRHD,zwnor,text
public,CRHD,zeiwm,text
public,CRHD,zwmin,text
public,CRHD,formr,text
public,CRHD,matyp,text
public,CRHD,cplgr,text
public,CRHD,sortb,text
public,CRHD,mtrvp,text
public,CRHD,mtmvp,text
public,CRHD,mtpvp,text
public,CRHD,rsanz,text
public,CRHD,pdest,text
public,CRHD,hroid,text
public,CRHD,fortn,text
public,CRHD,zgr01_ref,text
public,CRHD,zgr02_ref,text
public,CRHD,zgr03_ref,text
public,CRHD,zgr04_ref,text
public,CRHD,zgr05_ref,text
public,CRHD,zgr06_ref,text
public,CRHD,steus_c,text
public,CRHD,steus_i,text
public,CRHD,steus_n,text
public,CRHD,steus_q,text
public,CRHD,ruzus,text
public,CRHD,rsanz_ref,text
public,CRHD,hr,text
public,CRHD,prvbe,text
public,CRHD,subsys,text
public,CRHD,bdegr,text
public,CRHD,rgekz,text
public,CRHD,hrtyp,text
public,CRHD,slwid,text
public,CRHD,lifnr,text
public,CRHD,slwid_ref,text
public,CRHD,lifnr_ref,text
public,CRHD,vgarb,text
public,CRHD,vgdim,text
public,CRHD,hrplvar,text
public,CRHD,vgdau,text
public,CRHD,stobj,text
public,CRHD,resgr,text
public,CRHD,lgort_res,text
public,CRHD,mixmat,text
public,CRHD,istbed_kz,text
public,CRHD,ppskz,text
public,CRHD,srtype,text
public,CRHD,sntype,text
public,CS2S_GO,mandt,text
public,CS2S_GO,paledger,text
public,CS2S_GO,vrgar,text
public,CS2S_GO,versi,text
public,CS2S_GO,paobjnr,text
public,CS2S_GO,pasubnr,text
public,CS2S_GO,belnr,text
public,CS2S_GO,perbl,text
public,CS2S_GO,hzdat,text
public,CS2S_GO,usnam,text
public,CS2S_GO,gjahr,text
public,CS2S_GO,papaobjnr,text
public,CS2S_GO,papasubnr,text
public,CS2S_GO,kndnr,text
public,CS2S_GO,artnr,text
public,CS2S_GO,fkart,text
public,CS2S_GO,frwae,text
public,CS2S_GO,rec_waers,text
public,CS2S_GO,kaufn,text
public,CS2S_GO,kdpos,text
public,CS2S_GO,rkaufnr,text
public,CS2S_GO,skost,text
public,CS2S_GO,prznr,text
public,CS2S_GO,bukrs,text
public,CS2S_GO,kokrs,text
public,CS2S_GO,werks,text
public,CS2S_GO,gsber,text
public,CS2S_GO,vkorg,text
public,CS2S_GO,vtweg,text
public,CS2S_GO,spart,text
public,CS2S_GO,hrkft,text
public,CS2S_GO,kstar,text
public,CS2S_GO,pspnr,text
public,CS2S_GO,kstrg,text
public,CS2S_GO,rbeln,text
public,CS2S_GO,rposn,text
public,CS2S_GO,prctr,text
public,CS2S_GO,pprctr,text
public,CS2S_GO,rkestatu,text
public,CS2S_GO,timestmp,text
public,CS2S_GO,brsch,text
public,CS2S_GO,bzirk,text
public,CS2S_GO,kdgrp,text
public,CS2S_GO,kmvkbu,text
public,CS2S_GO,kmvtnr,text
public,CS2S_GO,matkl,text
public,CS2S_GO,vkgrp,text
public,CS2S_GO,kmwnhg,text
public,CS2S_GO,kwsvme_me,text
public,CS2S_GO,kwbrum001,text
public,CS2S_GO,kwboni001,text
public,CS2S_GO,kwkdrb001,text
public,CS2S_GO,kwmgrb001,text
public,CS2S_GO,kwmarb001,text
public,CS2S_GO,kwskto001,text
public,CS2S_GO,kwvkpv001,text
public,CS2S_GO,kwvsek001,text
public,CS2S_GO,kwklfk001,text
public,CS2S_GO,kwmagk001,text
public,CS2S_GO,kwmaek001,text
public,CS2S_GO,kwfkfx001,text
public,CS2S_GO,kwfkva001,text
public,CS2S_GO,kwabmg001,text
public,CS2S_GO,kwabpr001,text
public,CS2S_GO,kwabsg001,text
public,CS2S_GO,kwgohd001,text
public,CS2S_GO,kwmkdp001,text
public,CS2S_GO,kwsohd001,text
public,CS2S_GO,kwfoen001,text
public,CS2S_GO,kwsgek001,text
public,CS2S_GO,kwsvme001,text
public,CSKS,mandt,text
public,CSKS,kokrs,text
public,CSKS,kostl,text
public,CSKS,datbi,text
public,CSKS,datab,text
public,CSKS,bkzkp,text
public,CSKS,pkzkp,text
public,CSKS,bukrs,text
public,CSKS,gsber,text
public,CSKS,kosar,text
public,CSKS,verak,text
public,CSKS,verak_user,text
public,CSKS,waers,text
public,CSKS,kalsm,text
public,CSKS,txjcd,text
public,CSKS,prctr,text
public,CSKS,werks,text
public,CSKS,logsystem,text
public,CSKS,ersda,text
public,CSKS,usnam,text
public,CSKS,bkzks,text
public,CSKS,bkzer,text
public,CSKS,bkzob,text
public,CSKS,pkzks,text
public,CSKS,pkzer,text
public,CSKS,vmeth,text
public,CSKS,mgefl,text
public,CSKS,abtei,text
public,CSKS,nkost,text
public,CSKS,kvewe,text
public,CSKS,kappl,text
public,CSKS,koszschl,text
public,CSKS,land1,text
public,CSKS,anred,text
public,CSKS,name1,text
public,CSKS,name2,text
public,CSKS,name3,text
public,CSKS,name4,text
public,CSKS,ort01,text
public,CSKS,ort02,text
public,CSKS,stras,text
public,CSKS,pfach,text
public,CSKS,pstlz,text
public,CSKS,pstl2,text
public,CSKS,regio,text
public,CSKS,spras,text
public,CSKS,telbx,text
public,CSKS,telf1,text
public,CSKS,telf2,text
public,CSKS,telfx,text
public,CSKS,teltx,text
public,CSKS,telx1,text
public,CSKS,datlt,text
public,CSKS,drnam,text
public,CSKS,khinr,text
public,CSKS,cckey,text
public,CSKS,kompl,text
public,CSKS,stakz,text
public,CSKS,objnr,text
public,CSKS,funkt,text
public,CSKS,afunk,text
public,CSKS,cpi_templ,text
public,CSKS,cpd_templ,text
public,CSKS,func_area,text
public,CSKS,sci_templ,text
public,CSKS,scd_templ,text
public,CSKS,ski_templ,text
public,CSKS,skd_templ,text
public,CSKS,vname,text
public,CSKS,recid,text
public,CSKS,etype,text
public,CSKS,jv_otype,text
public,CSKS,jv_jibcl,text
public,CSKS,jv_jibsa,text
public,CSKS,ferc_ind,text
public,CSKT,mandt,text
public,CSKT,spras,text
public,CSKT,kokrs,text
public,CSKT,kostl,text
public,CSKT,datbi,text
public,CSKT,ktext,text
public,CSKT,ltext,text
public,CSKT,mctxt,text
public,DFKKOP,mandt,text
public,DFKKOP,opbel,text
public,DFKKOP,opupw,text
public,DFKKOP,opupk,text
public,DFKKOP,opupz,text
public,DFKKOP,bukrs,text
public,DFKKOP,gsber,text
public,DFKKOP,bupla,text
public,DFKKOP,segment,text
public,DFKKOP,prctr,text
public,DFKKOP,augst,text
public,DFKKOP,gpart,text
public,DFKKOP,vtref,text
public,DFKKOP,vtpos,text
public,DFKKOP,vtre2,text
public,DFKKOP,vkont,text
public,DFKKOP,abwbl,text
public,DFKKOP,abwtp,text
public,DFKKOP,abwkt,text
public,DFKKOP,applk,text
public,DFKKOP,hvorg,text
public,DFKKOP,tvorg,text
public,DFKKOP,kofiz,text
public,DFKKOP,spart,text
public,DFKKOP,hkont,text
public,DFKKOP,mwskz,text
public,DFKKOP,mwszkz,text
public,DFKKOP,xanza,text
public,DFKKOP,stakz,text
public,DFKKOP,bldat,text
public,DFKKOP,budat,text
public,DFKKOP,optxt,text
public,DFKKOP,waers,text
public,DFKKOP,faedn,text
public,DFKKOP,faeds,text
public,DFKKOP,verkz,text
public,DFKKOP,studt,text
public,DFKKOP,sktpz,text
public,DFKKOP,xmanl,text
public,DFKKOP,kursf,text
public,DFKKOP,betrh,text
public,DFKKOP,betrw,text
public,DFKKOP,betr2,text
public,DFKKOP,betr3,text
public,DFKKOP,skfbt,text
public,DFKKOP,sbeth,text
public,DFKKOP,sbetw,text
public,DFKKOP,sbet2,text
public,DFKKOP,sbet3,text
public,DFKKOP,mwsko,text
public,DFKKOP,mwvko,text
public,DFKKOP,txrul,text
public,DFKKOP,spzah,text
public,DFKKOP,pymet,text
public,DFKKOP,pybuk,text
public,DFKKOP,pernr,text
public,DFKKOP,grkey,text
public,DFKKOP,persl,text
public,DFKKOP,xaesp,text
public,DFKKOP,augdt,text
public,DFKKOP,augbl,text
public,DFKKOP,augbd,text
public,DFKKOP,augrd,text
public,DFKKOP,augwa,text
public,DFKKOP,augbt,text
public,DFKKOP,augbs,text
public,DFKKOP,augsk,text
public,DFKKOP,augvd,text
public,DFKKOP,augob,text
public,DFKKOP,whang,text
public,DFKKOP,whgrp,text
public,DFKKOP,xeiph,text
public,DFKKOP,mahnv,text
public,DFKKOP,mansp,text
public,DFKKOP,xaugp,text
public,DFKKOP,abrzu,text
public,DFKKOP,abrzo,text
public,DFKKOP,fdgrp,text
public,DFKKOP,fdlev,text
public,DFKKOP,fdztg,text
public,DFKKOP,fdwbt,text
public,DFKKOP,xtaus,text
public,DFKKOP,augrs,text
public,DFKKOP,pygrp,text
public,DFKKOP,pdtyp,text
public,DFKKOP,sperz,text
public,DFKKOP,infoz,text
public,DFKKOP,txjcd,text
public,DFKKOP,txdat,text
public,DFKKOP,vbund,text
public,DFKKOP,kontt,text
public,DFKKOP,kontl,text
public,DFKKOP,opsta,text
public,DFKKOP,blart,text
public,DFKKOP,emgpa,text
public,DFKKOP,embvt,text
public,DFKKOP,emadr,text
public,DFKKOP,ikey,text
public,DFKKOP,eurou,text
public,DFKKOP,xragl,text
public,DFKKOP,astkz,text
public,DFKKOP,asblg,text
public,DFKKOP,xblnr,text
public,DFKKOP,inkps,text
public,DFKKOP,rndps,text
public,DFKKOP,qsskz,text
public,DFKKOP,qssew,text
public,DFKKOP,qsptp,text
public,DFKKOP,qsshb,text
public,DFKKOP,qbshb,text
public,DFKKOP,qsprz,text
public,DFKKOP,qsznr,text
public,DFKKOP,xwhex,text
public,DFKKOP,rfupk,text
public,DFKKOP,strkz,text
public,DFKKOP,fitpr,text
public,DFKKOP,xpyor,text
public,DFKKOP,landl,text
public,DFKKOP,intbu,text
public,DFKKOP,emcrd,text
public,DFKKOP,c4eye,text
public,DFKKOP,c4eyp,text
public,DFKKOP,txgrp,text
public,DFKKOP,sctax,text
public,DFKKOP,sttax,text
public,DFKKOP,stzal,text
public,DFKKOP,orupz,text
public,DFKKOP,negbu,text
public,DFKKOP,subap,text
public,DFKKOP,pswsl,text
public,DFKKOP,pswbt,text
public,DFKKOP,pswtx,text
public,DFKKOP,psgrp,text
public,DFKKOP,xcolc,text
public,DFKKOP,aasta,text
public,DFKKOP,xcsha,text
public,DFKKOP,reacc,text
public,DFKKOP,rebuk,text
public,DFKKOP,xustpd,text
public,DFKKOP,ptitm,text
public,DFKKOP,emmnd,text
public,DFKKOP,palix,text
public,DFKKOP,pnnum,text
public,DFKKOP,pnhkf,text
public,DFKKOP,pnexd,text
public,DFKKOP,pnctr,text
public,DFKKOP,finre,text
public,DFKKOP,rdsta,text
public,DFKKOP,rdstb,text
public,DFKKOP,fasta,text
public,DFKKOP,pasta,text
public,DFKKOP,opupf,text
public,EBAN,mandt,text
public,EBAN,banfn,text
public,EBAN,bnfpo,text
public,EBAN,bsart,text
public,EBAN,bstyp,text
public,EBAN,bsakz,text
public,EBAN,loekz,text
public,EBAN,statu,text
public,EBAN,estkz,text
public,EBAN,frgkz,text
public,EBAN,frgzu,text
public,EBAN,frgst,text
public,EBAN,ekgrp,text
public,EBAN,ernam,text
public,EBAN,erdat,text
public,EBAN,afnam,text
public,EBAN,txz01,text
public,EBAN,matnr,text
public,EBAN,ematn,text
public,EBAN,werks,text
public,EBAN,lgort,text
public,EBAN,bednr,text
public,EBAN,matkl,text
public,EBAN,reswk,text
public,EBAN,menge,text
public,EBAN,meins,text
public,EBAN,bumng,text
public,EBAN,badat,text
public,EBAN,lpein,text
public,EBAN,lfdat,text
public,EBAN,frgdt,text
public,EBAN,webaz,text
public,EBAN,preis,text
public,EBAN,peinh,text
public,EBAN,pstyp,text
public,EBAN,knttp,text
public,EBAN,kzvbr,text
public,EBAN,kflag,text
public,EBAN,vrtkz,text
public,EBAN,twrkz,text
public,EBAN,wepos,text
public,EBAN,weunb,text
public,EBAN,repos,text
public,EBAN,lifnr,text
public,EBAN,flief,text
public,EBAN,ekorg,text
public,EBAN,vrtyp,text
public,EBAN,konnr,text
public,EBAN,ktpnr,text
public,EBAN,infnr,text
public,EBAN,zugba,text
public,EBAN,qunum,text
public,EBAN,qupos,text
public,EBAN,dispo,text
public,EBAN,sernr,text
public,EBAN,bvdat,text
public,EBAN,batol,text
public,EBAN,bvdrk,text
public,EBAN,ebeln,text
public,EBAN,ebelp,text
public,EBAN,bedat,text
public,EBAN,bsmng,text
public,EBAN,lblni,text
public,EBAN,bwtar,text
public,EBAN,xoblr,text
public,EBAN,ebakz,text
public,EBAN,rsnum,text
public,EBAN,sobkz,text
public,EBAN,arsnr,text
public,EBAN,arsps,text
public,EBAN,fixkz,text
public,EBAN,bmein,text
public,EBAN,revlv,text
public,EBAN,vorab,text
public,EBAN,packno,text
public,EBAN,kanba,text
public,EBAN,bpueb,text
public,EBAN,cuobj,text
public,EBAN,frggr,text
public,EBAN,frgrl,text
public,EBAN,aktnr,text
public,EBAN,charg,text
public,EBAN,umsok,text
public,EBAN,verid,text
public,EBAN,fipos,text
public,EBAN,fistl,text
public,EBAN,geber,text
public,EBAN,kzkfg,text
public,EBAN,satnr,text
public,EBAN,mng02,text
public,EBAN,dat01,text
public,EBAN,attyp,text
public,EBAN,adrnr,text
public,EBAN,adrn2,text
public,EBAN,kunnr,text
public,EBAN,emlif,text
public,EBAN,lblkz,text
public,EBAN,kzbws,text
public,EBAN,waers,text
public,EBAN,idnlf,text
public,EBAN,gsfrg,text
public,EBAN,mprof,text
public,EBAN,kzfme,text
public,EBAN,spras,text
public,EBAN,techs,text
public,EBAN,mfrpn,text
public,EBAN,mfrnr,text
public,EBAN,emnfr,text
public,EBAN,fordn,text
public,EBAN,fordp,text
public,EBAN,plifz,text
public,EBAN,berid,text
public,EBAN,uzeit,text
public,EBAN,fkber,text
public,EBAN,grant_nbr,text
public,EBAN,memory,text
public,EBAN,banpr,text
public,EBAN,rlwrt,text
public,EBAN,blckd,text
public,EBAN,revno,text
public,EBAN,blckt,text
public,EBAN,beswk,text
public,EBAN,eprofile,text
public,EBAN,eprefdoc,text
public,EBAN,eprefitm,text
public,EBAN,gmmng,text
public,EBAN,wrtkz,text
public,EBAN,reslo,text
public,EBAN,kblnr,text
public,EBAN,kblpos,text
public,EBAN,prio_urg,text
public,EBAN,prio_req,text
public,EBAN,memorytype,text
public,EBAN,anzsn,text
public,EBAN,mhdrz,text
public,EBAN,iprkz,text
public,EBAN,nodisp,text
public,EBAN,srm_contract_id,text
public,EBAN,srm_contract_itm,text
public,EBAN,budget_pd,text
public,EBAN,storenetworkid,text
public,EBAN,storesupplierid,text
public,EBAN,fmfgus_key,text
public,EBAN,advcode,text
public,EBAN,stacode,text
public,EBAN,banfn_cs,text
public,EBAN,bnfpo_cs,text
public,EBAN,item_cs,text
public,EBAN,bsmng_snd,text
public,EBAN,no_mard_data,text
public,EBAN,serru,text
public,EBAN,disub_sobkz,text
public,EBAN,disub_pspnr,text
public,EBAN,disub_kunnr,text
public,EBAN,disub_vbeln,text
public,EBAN,disub_posnr,text
public,EBAN,disub_owner,text
public,EBAN,fsh_vas_rel,text
public,EBAN,fsh_vas_prnt_id,text
public,EBAN,fsh_transaction,text
public,EBAN,fsh_item_group,text
public,EBAN,fsh_item,text
public,EBAN,iuid_relevant,text
public,EBAN,sgt_scat,text
public,EBAN,sgt_rcat,text
public,EBAN,wrf_charstc1,text
public,EBAN,wrf_charstc2,text
public,EBAN,wrf_charstc3,text
public,EINA,mandt,text
public,EINA,infnr,text
public,EINA,matnr,text
public,EINA,matkl,text
public,EINA,lifnr,text
public,EINA,loekz,text
public,EINA,erdat,text
public,EINA,ernam,text
public,EINA,txz01,text
public,EINA,sortl,text
public,EINA,meins,text
public,EINA,umrez,text
public,EINA,umren,text
public,EINA,idnlf,text
public,EINA,verkf,text
public,EINA,telf1,text
public,EINA,mahn1,text
public,EINA,mahn2,text
public,EINA,mahn3,text
public,EINA,urznr,text
public,EINA,urzdt,text
public,EINA,urzla,text
public,EINA,urztp,text
public,EINA,urzzt,text
public,EINA,lmein,text
public,EINA,regio,text
public,EINA,vabme,text
public,EINA,ltsnr,text
public,EINA,ltssf,text
public,EINA,wglif,text
public,EINA,rueck,text
public,EINA,lifab,text
public,EINA,lifbi,text
public,EINA,kolif,text
public,EINA,anzpu,text
public,EINA,punei,text
public,EINA,relif,text
public,EINA,mfrnr,text
public,EINE,mandt,text
public,EINE,infnr,text
public,EINE,ekorg,text
public,EINE,esokz,text
public,EINE,werks,text
public,EINE,loekz,text
public,EINE,erdat,text
public,EINE,ernam,text
public,EINE,ekgrp,text
public,EINE,waers,text
public,EINE,bonus,text
public,EINE,mgbon,text
public,EINE,minbm,text
public,EINE,norbm,text
public,EINE,aplfz,text
public,EINE,uebto,text
public,EINE,uebtk,text
public,EINE,untto,text
public,EINE,angnr,text
public,EINE,angdt,text
public,EINE,anfnr,text
public,EINE,anfps,text
public,EINE,abskz,text
public,EINE,amodv,text
public,EINE,amodb,text
public,EINE,amobm,text
public,EINE,amobw,text
public,EINE,amoam,text
public,EINE,amoaw,text
public,EINE,amors,text
public,EINE,bstyp,text
public,EINE,ebeln,text
public,EINE,ebelp,text
public,EINE,datlb,text
public,EINE,netpr,text
public,EINE,peinh,text
public,EINE,bprme,text
public,EINE,prdat,text
public,EINE,bpumz,text
public,EINE,bpumn,text
public,EINE,mtxno,text
public,EINE,webre,text
public,EINE,effpr,text
public,EINE,ekkol,text
public,EINE,sktof,text
public,EINE,kzabs,text
public,EINE,mwskz,text
public,EINE,bwtar,text
public,EINE,ebonu,text
public,EINE,evers,text
public,EINE,exprf,text
public,EINE,bstae,text
public,EINE,meprf,text
public,EINE,inco1,text
public,EINE,inco2,text
public,EINE,xersn,text
public,EINE,ebon2,text
public,EINE,ebon3,text
public,EINE,ebonf,text
public,EINE,mhdrz,text
public,EINE,verid,text
public,EINE,bstma,text
public,EINE,rdprf,text
public,EINE,megru,text
public,EINE,j_1bnbm,text
public,EINE,spe_cre_ref_doc,text
public,EINE,iprkz,text
public,EINE,co_order,text
public,EINE,vendor_rma_req,text
public,EINE,diff_invoice,text
public,EINE,incov,text
public,EINE,inco2_l,text
public,EINE,inco3_l,text
public,EINE,fsh_dci_corr,text
public,EINE,fsh_rlt,text
public,EINE,fsh_mlt,text
public,EINE,fsh_plt,text
public,EINE,fsh_tlt,text
public,EINE,mrpind,text
public,EINE,sgt_ssrel,text
public,EINE,transport_chain,text
public,EINE,staging_time,text
public,EKKO,mandt,text
public,EKKO,ebeln,text
public,EKKO,bukrs,text
public,EKKO,bstyp,text
public,EKKO,bsart,text
public,EKKO,bsakz,text
public,EKKO,loekz,text
public,EKKO,statu,text
public,EKKO,aedat,text
public,EKKO,ernam,text
public,EKKO,pincr,text
public,EKKO,lponr,text
public,EKKO,lifnr,text
public,EKKO,spras,text
public,EKKO,zterm,text
public,EKKO,zbd1t,text
public,EKKO,zbd2t,text
public,EKKO,zbd3t,text
public,EKKO,zbd1p,text
public,EKKO,zbd2p,text
public,EKKO,ekorg,text
public,EKKO,ekgrp,text
public,EKKO,waers,text
public,EKKO,wkurs,text
public,EKKO,kufix,text
public,EKKO,bedat,text
public,EKKO,kdatb,text
public,EKKO,kdate,text
public,EKKO,bwbdt,text
public,EKKO,angdt,text
public,EKKO,bnddt,text
public,EKKO,gwldt,text
public,EKKO,ausnr,text
public,EKKO,angnr,text
public,EKKO,ihran,text
public,EKKO,ihrez,text
public,EKKO,verkf,text
public,EKKO,telf1,text
public,EKKO,llief,text
public,EKKO,kunnr,text
public,EKKO,konnr,text
public,EKKO,abgru,text
public,EKKO,autlf,text
public,EKKO,weakt,text
public,EKKO,reswk,text
public,EKKO,lblif,text
public,EKKO,inco1,text
public,EKKO,inco2,text
public,EKKO,ktwrt,text
public,EKKO,submi,text
public,EKKO,knumv,text
public,EKKO,kalsm,text
public,EKKO,stafo,text
public,EKKO,lifre,text
public,EKKO,exnum,text
public,EKKO,unsez,text
public,EKKO,logsy,text
public,EKKO,upinc,text
public,EKKO,stako,text
public,EKKO,frggr,text
public,EKKO,frgsx,text
public,EKKO,frgke,text
public,EKKO,frgzu,text
public,EKKO,frgrl,text
public,EKKO,lands,text
public,EKKO,lphis,text
public,EKKO,adrnr,text
public,EKKO,stceg_l,text
public,EKKO,stceg,text
public,EKKO,absgr,text
public,EKKO,addnr,text
public,EKKO,kornr,text
public,EKKO,memory,text
public,EKKO,procstat,text
public,EKKO,rlwrt,text
public,EKKO,revno,text
public,EKKO,scmproc,text
public,EKKO,reason_code,text
public,EKKO,memorytype,text
public,EKKO,rettp,text
public,EKKO,retpc,text
public,EKKO,dptyp,text
public,EKKO,dppct,text
public,EKKO,dpamt,text
public,EKKO,dpdat,text
public,EKKO,msr_id,text
public,EKKO,hierarchy_exists,text
public,EKKO,threshold_exists,text
public,EKKO,legal_contract,text
public,EKKO,description,text
public,EKKO,release_date,text
public,EKKO,vsart,text
public,EKKO,handoverloc,text
public,EKKO,shipcond,text
public,EKKO,incov,text
public,EKKO,inco2_l,text
public,EKKO,inco3_l,text
public,EKKO,force_id,text
public,EKKO,force_cnt,text
public,EKKO,reloc_id,text
public,EKKO,reloc_seq_id,text
public,EKKO,source_logsys,text
public,EKKO,fsh_transaction,text
public,EKKO,fsh_item_group,text
public,EKKO,fsh_vas_last_item,text
public,EKKO,fsh_os_stg_change,text
public,EKKO,vzskz,text
public,EKKO,fsh_snst_status,text
public,EKKO,pohf_type,text
public,EKKO,eq_eindt,text
public,EKKO,eq_werks,text
public,EKKO,fixpo,text
public,EKKO,ekgrp_allow,text
public,EKKO,werks_allow,text
public,EKKO,contract_allow,text
public,EKKO,pstyp_allow,text
public,EKKO,fixpo_allow,text
public,EKKO,key_id_allow,text
public,EKKO,aurel_allow,text
public,EKKO,delper_allow,text
public,EKKO,eindt_allow,text
public,EKKO,ltsnr_allow,text
public,EKKO,otb_level,text
public,EKKO,otb_cond_type,text
public,EKKO,key_id,text
public,EKKO,otb_value,text
public,EKKO,otb_curr,text
public,EKKO,otb_res_value,text
public,EKKO,otb_spec_value,text
public,EKKO,spr_rsn_profile,text
public,EKKO,budg_type,text
public,EKKO,otb_status,text
public,EKKO,otb_reason,text
public,EKKO,check_type,text
public,EKKO,con_otb_req,text
public,EKKO,con_prebook_lev,text
public,EKKO,con_distr_lev,text
public,EKPO,mandt,text
public,EKPO,ebeln,text
public,EKPO,ebelp,text
public,EKPO,loekz,text
public,EKPO,statu,text
public,EKPO,aedat,text
public,EKPO,txz01,text
public,EKPO,matnr,text
public,EKPO,ematn,text
public,EKPO,bukrs,text
public,EKPO,werks,text
public,EKPO,lgort,text
public,EKPO,bednr,text
public,EKPO,matkl,text
public,EKPO,infnr,text
public,EKPO,idnlf,text
public,EKPO,ktmng,text
public,EKPO,menge,text
public,EKPO,meins,text
public,EKPO,bprme,text
public,EKPO,bpumz,text
public,EKPO,bpumn,text
public,EKPO,umrez,text
public,EKPO,umren,text
public,EKPO,netpr,text
public,EKPO,peinh,text
public,EKPO,netwr,text
public,EKPO,brtwr,text
public,EKPO,agdat,text
public,EKPO,webaz,text
public,EKPO,mwskz,text
public,EKPO,bonus,text
public,EKPO,insmk,text
public,EKPO,spinf,text
public,EKPO,prsdr,text
public,EKPO,schpr,text
public,EKPO,mahnz,text
public,EKPO,mahn1,text
public,EKPO,mahn2,text
public,EKPO,mahn3,text
public,EKPO,uebto,text
public,EKPO,uebtk,text
public,EKPO,untto,text
public,EKPO,bwtar,text
public,EKPO,bwtty,text
public,EKPO,abskz,text
public,EKPO,agmem,text
public,EKPO,elikz,text
public,EKPO,erekz,text
public,EKPO,pstyp,text
public,EKPO,knttp,text
public,EKPO,kzvbr,text
public,EKPO,vrtkz,text
public,EKPO,twrkz,text
public,EKPO,wepos,text
public,EKPO,weunb,text
public,EKPO,repos,text
public,EKPO,webre,text
public,EKPO,kzabs,text
public,EKPO,labnr,text
public,EKPO,konnr,text
public,EKPO,ktpnr,text
public,EKPO,abdat,text
public,EKPO,abftz,text
public,EKPO,etfz1,text
public,EKPO,etfz2,text
public,EKPO,kzstu,text
public,EKPO,notkz,text
public,EKPO,lmein,text
public,EKPO,evers,text
public,EKPO,zwert,text
public,EKPO,navnw,text
public,EKPO,abmng,text
public,EKPO,prdat,text
public,EKPO,bstyp,text
public,EKPO,effwr,text
public,EKPO,xoblr,text
public,EKPO,kunnr,text
public,EKPO,adrnr,text
public,EKPO,ekkol,text
public,EKPO,sktof,text
public,EKPO,stafo,text
public,EKPO,plifz,text
public,EKPO,ntgew,text
public,EKPO,gewei,text
public,EKPO,txjcd,text
public,EKPO,etdrk,text
public,EKPO,sobkz,text
public,EKPO,arsnr,text
public,EKPO,arsps,text
public,EKPO,insnc,text
public,EKPO,ssqss,text
public,EKPO,zgtyp,text
public,EKPO,ean11,text
public,EKPO,bstae,text
public,EKPO,revlv,text
public,EKPO,geber,text
public,EKPO,fistl,text
public,EKPO,fipos,text
public,EKPO,ko_gsber,text
public,EKPO,ko_pargb,text
public,EKPO,ko_prctr,text
public,EKPO,ko_pprctr,text
public,EKPO,meprf,text
public,EKPO,brgew,text
public,EKPO,volum,text
public,EKPO,voleh,text
public,EKPO,inco1,text
public,EKPO,inco2,text
public,EKPO,vorab,text
public,EKPO,kolif,text
public,EKPO,ltsnr,text
public,EKPO,packno,text
public,EKPO,fplnr,text
public,EKPO,gnetwr,text
public,EKPO,stapo,text
public,EKPO,uebpo,text
public,EKPO,lewed,text
public,EKPO,emlif,text
public,EKPO,lblkz,text
public,EKPO,satnr,text
public,EKPO,attyp,text
public,EKPO,vsart,text
public,EKPO,handoverloc,text
public,EKPO,kanba,text
public,EKPO,adrn2,text
public,EKPO,cuobj,text
public,EKPO,xersy,text
public,EKPO,eildt,text
public,EKPO,drdat,text
public,EKPO,druhr,text
public,EKPO,drunr,text
public,EKPO,aktnr,text
public,EKPO,abeln,text
public,EKPO,abelp,text
public,EKPO,anzpu,text
public,EKPO,punei,text
public,EKPO,saiso,text
public,EKPO,saisj,text
public,EKPO,ebon2,text
public,EKPO,ebon3,text
public,EKPO,ebonf,text
public,EKPO,mlmaa,text
public,EKPO,mhdrz,text
public,EKPO,anfnr,text
public,EKPO,anfps,text
public,EKPO,kzkfg,text
public,EKPO,usequ,text
public,EKPO,umsok,text
public,EKPO,banfn,text
public,EKPO,bnfpo,text
public,EKPO,mtart,text
public,EKPO,uptyp,text
public,EKPO,upvor,text
public,EKPO,kzwi1,text
public,EKPO,kzwi2,text
public,EKPO,kzwi3,text
public,EKPO,kzwi4,text
public,EKPO,kzwi5,text
public,EKPO,kzwi6,text
public,EKPO,sikgr,text
public,EKPO,mfzhi,text
public,EKPO,ffzhi,text
public,EKPO,retpo,text
public,EKPO,aurel,text
public,EKPO,bsgru,text
public,EKPO,lfret,text
public,EKPO,mfrgr,text
public,EKPO,nrfhg,text
public,EKPO,J_1BNBM,text
public,EKPO,J_1BMATUSE,text
public,EKPO,J_1BMATORG,text
public,EKPO,J_1BOWNPRO,text
public,EKPO,J_1BINDUST,text
public,EKPO,abueb,text
public,EKPO,nlabd,text
public,EKPO,nfabd,text
public,EKPO,kzbws,text
public,EKPO,bonba,text
public,EKPO,fabkz,text
public,EKPO,J_1AINDXP,text
public,EKPO,J_1AIDATEP,text
public,EKPO,mprof,text
public,EKPO,eglkz,text
public,EKPO,kztlf,text
public,EKPO,kzfme,text
public,EKPO,rdprf,text
public,EKPO,techs,text
public,EKPO,chg_srv,text
public,EKPO,chg_fplnr,text
public,EKPO,mfrpn,text
public,EKPO,mfrnr,text
public,EKPO,emnfr,text
public,EKPO,novet,text
public,EKPO,afnam,text
public,EKPO,tzonrc,text
public,EKPO,iprkz,text
public,EKPO,lebre,text
public,EKPO,berid,text
public,EKPO,xconditions,text
public,EKPO,apoms,text
public,EKPO,ccomp,text
public,EKPO,grant_nbr,text
public,EKPO,fkber,text
public,EKPO,status,text
public,EKPO,reslo,text
public,EKPO,kblnr,text
public,EKPO,kblpos,text
public,EKPO,weora,text
public,EKPO,srv_bas_com,text
public,EKPO,prio_urg,text
public,EKPO,prio_req,text
public,EKPO,empst,text
public,EKPO,diff_invoice,text
public,EKPO,trmrisk_relevant,text
public,EKPO,spe_abgru,text
public,EKPO,spe_crm_so,text
public,EKPO,spe_crm_so_item,text
public,EKPO,spe_crm_ref_so,text
public,EKPO,spe_crm_ref_item,text
public,EKPO,spe_crm_fkrel,text
public,EKPO,spe_chng_sys,text
public,EKPO,spe_insmk_src,text
public,EKPO,spe_cq_ctrltype,text
public,EKPO,spe_cq_nocq,text
public,EKPO,reason_code,text
public,EKPO,cqu_sar,text
public,EKPO,anzsn,text
public,EKPO,spe_ewm_dtc,text
public,EKPO,exlin,text
public,EKPO,exsnr,text
public,EKPO,ehtyp,text
public,EKPO,retpc,text
public,EKPO,dptyp,text
public,EKPO,dppct,text
public,EKPO,dpamt,text
public,EKPO,dpdat,text
public,EKPO,fls_rsto,text
public,EKPO,ext_rfx_number,text
public,EKPO,ext_rfx_item,text
public,EKPO,ext_rfx_system,text
public,EKPO,srm_contract_id,text
public,EKPO,srm_contract_itm,text
public,EKPO,blk_reason_id,text
public,EKPO,blk_reason_txt,text
public,EKPO,itcons,text
public,EKPO,fixmg,text
public,EKPO,wabwe,text
public,EKPO,cmpl_dlv_itm,text
public,EKPO,inco2_l,text
public,EKPO,inco3_l,text
public,EKPO,tc_aut_det,text
public,EKPO,manual_tc_reason,text
public,EKPO,fiscal_incentive,text
public,EKPO,tax_subject_st,text
public,EKPO,fiscal_incentive_id,text
public,EKPO,sf_txjcd,text
public,EKPO,/BEV1/NEGEN_ITEM,text
public,EKPO,/BEV1/NEDEPFREE,text
public,EKPO,/BEV1/NESTRUCCAT,text
public,EKPO,advcode,text
public,EKPO,budget_pd,text
public,EKPO,excpe,text
public,EKPO,fmfgus_key,text
public,EKPO,iuid_relevant,text
public,EKPO,mrpind,text
public,EKPO,oipipeval,text
public,EKPO,oic_lifnr,text
public,EKPO,oic_dcityc,text
public,EKPO,oic_dcounc,text
public,EKPO,oic_dregio,text
public,EKPO,oic_dland1,text
public,EKPO,oic_ocityc,text
public,EKPO,oic_ocounc,text
public,EKPO,oic_oregio,text
public,EKPO,oic_oland1,text
public,EKPO,oic_porgin,text
public,EKPO,oic_pdestn,text
public,EKPO,oic_ptrip,text
public,EKPO,oic_pbatch,text
public,EKPO,oic_mot,text
public,EKPO,oic_aorgin,text
public,EKPO,oic_adestn,text
public,EKPO,oic_truckn,text
public,EKPO,oia_baselo,text
public,EKPO,oitaxfrom,text
public,EKPO,oihantyp,text
public,EKPO,oipricie,text
public,EKPO,oitaxto,text
public,EKPO,oitaxcon,text
public,EKPO,oitaxgrp,text
public,EKPO,oioilcon,text
public,EKPO,oiinex,text
public,EKPO,oiexgnum,text
public,EKPO,oiexgtyp,text
public,EKPO,oifeetot,text
public,EKPO,oifeedt,text
public,EKPO,oinetcyc,text
public,EKPO,oiferp,text
public,EKPO,oifeech,text
public,EKPO,oia_ipmvat,text
public,EKPO,oia_spltiv,text
public,EKPO,oivath,text
public,EKPO,oivatf,text
public,EKPO,oisbrel,text
public,EKPO,oibasprod,text
public,EKPO,oitrknr,text
public,EKPO,oitrkjr,text
public,EKPO,oiextnr,text
public,EKPO,oiitmnr,text
public,EKPO,oiftind,text
public,EKPO,oipriop,text
public,EKPO,oitrind,text
public,EKPO,oighndl,text
public,EKPO,oiumbar,text
public,EKPO,oitxcon1,text
public,EKPO,oitxcon2,text
public,EKPO,oitxcon3,text
public,EKPO,oitxcon4,text
public,EKPO,oitxcon5,text
public,EKPO,oitxcon6,text
public,EKPO,oid_extbol,text
public,EKPO,oid_miscdl,text
public,EKPO,oimatcyc,text
public,EKPO,oiedok,text
public,EKPO,oiedbal,text
public,EKPO,oiedbalm,text
public,EKPO,oicertf1,text
public,EKPO,oidatfm1,text
public,EKPO,oidatto1,text
public,EKPO,oih_lictp,text
public,EKPO,oih_licin,text
public,EKPO,oih_lcfol,text
public,EKPO,oih_folqty,text
public,EKPO,oiedok_gi,text
public,EKPO,oiedbal_gi,text
public,EKPO,oiedbalm_gi,text
public,EKPO,oihantyp_gi,text
public,EKPO,oiinex_gi,text
public,EKPO,oitaxgrp_gi,text
public,EKPO,oicertf1_gi,text
public,EKPO,oidatfm1_gi,text
public,EKPO,oidatto1_gi,text
public,EKPO,oih_lictp_gi,text
public,EKPO,oih_licin_gi,text
public,EKPO,oih_lcfol_gi,text
public,EKPO,oih_folqty_gi,text
public,EKPO,sgt_scat,text
public,EKPO,sgt_rcat,text
public,EKPO,wrf_charstc1,text
public,EKPO,wrf_charstc2,text
public,EKPO,wrf_charstc3,text
public,EKPO,refsite,text
public,EKPO,/ACCGO/IS_CO_REL,text
public,EKPO,serru,text
public,EKPO,sernp,text
public,EKPO,disub_sobkz,text
public,EKPO,disub_pspnr,text
public,EKPO,disub_kunnr,text
public,EKPO,disub_vbeln,text
public,EKPO,disub_posnr,text
public,EKPO,disub_owner,text
public,EKPO,fsh_season_year,text
public,EKPO,fsh_season,text
public,EKPO,fsh_collection,text
public,EKPO,fsh_theme,text
public,EKPO,fsh_atp_date,text
public,EKPO,fsh_vas_rel,text
public,EKPO,fsh_vas_prnt_id,text
public,EKPO,fsh_transaction,text
public,EKPO,fsh_item_group,text
public,EKPO,fsh_item,text
public,EKPO,fsh_ss,text
public,EKPO,fsh_grid_cond_rec,text
public,EKPO,fsh_psm_pfm_split,text
public,EKPO,cnfm_qty,text
public,EKPO,fsh_pqr_uepos,text
public,EKPO,ref_item,text
public,EKPO,source_id,text
public,EKPO,source_key,text
public,EKPO,put_back,text
public,EKPO,pol_id,text
public,EKPO,cons_order,text
public,FAGLFLEXA,rclnt,text
public,FAGLFLEXA,ryear,text
public,FAGLFLEXA,docnr,text
public,FAGLFLEXA,rldnr,text
public,FAGLFLEXA,rbukrs,text
public,FAGLFLEXA,docln,text
public,FAGLFLEXA,activ,text
public,FAGLFLEXA,rmvct,text
public,FAGLFLEXA,rtcur,text
public,FAGLFLEXA,runit,text
public,FAGLFLEXA,awtyp,text
public,FAGLFLEXA,rrcty,text
public,FAGLFLEXA,rvers,text
public,FAGLFLEXA,logsys,text
public,FAGLFLEXA,racct,text
public,FAGLFLEXA,cost_elem,text
public,FAGLFLEXA,rcntr,text
public,FAGLFLEXA,prctr,text
public,FAGLFLEXA,rfarea,text
public,FAGLFLEXA,rbusa,text
public,FAGLFLEXA,kokrs,text
public,FAGLFLEXA,segment,text
public,FAGLFLEXA,zzspreg,text
public,FAGLFLEXA,scntr,text
public,FAGLFLEXA,pprctr,text
public,FAGLFLEXA,sfarea,text
public,FAGLFLEXA,sbusa,text
public,FAGLFLEXA,rassc,text
public,FAGLFLEXA,psegment,text
public,FAGLFLEXA,tsl,text
public,FAGLFLEXA,hsl,text
public,FAGLFLEXA,ksl,text
public,FAGLFLEXA,osl,text
public,FAGLFLEXA,msl,text
public,FAGLFLEXA,wsl,text
public,FAGLFLEXA,drcrk,text
public,FAGLFLEXA,poper,text
public,FAGLFLEXA,rwcur,text
public,FAGLFLEXA,gjahr,text
public,FAGLFLEXA,budat,text
public,FAGLFLEXA,belnr,text
public,FAGLFLEXA,buzei,text
public,FAGLFLEXA,bschl,text
public,FAGLFLEXA,bstat,text
public,FAGLFLEXA,linetype,text
public,FAGLFLEXA,xsplitmod,text
public,FAGLFLEXA,usnam,text
public,FAGLFLEXA,TIMESTAMP,text
public,KEKO,mandt,text
public,KEKO,bzobj,text
public,KEKO,kalnr,text
public,KEKO,kalka,text
public,KEKO,kadky,text
public,KEKO,tvers,text
public,KEKO,bwvar,text
public,KEKO,kkzma,text
public,KEKO,matnr,text
public,KEKO,werks,text
public,KEKO,bwkey,text
public,KEKO,bwtar,text
public,KEKO,kokrs,text
public,KEKO,kadat,text
public,KEKO,bidat,text
public,KEKO,kadam,text
public,KEKO,bidam,text
public,KEKO,bwdat,text
public,KEKO,aldat,text
public,KEKO,bedat,text
public,KEKO,verid,text
public,KEKO,stnum,text
public,KEKO,stlan,text
public,KEKO,stalt,text
public,KEKO,stcnt,text
public,KEKO,plnnr,text
public,KEKO,plnty,text
public,KEKO,plnal,text
public,KEKO,plnct,text
public,KEKO,loekz,text
public,KEKO,losgr,text
public,KEKO,meins,text
public,KEKO,erfnm,text
public,KEKO,erfma,text
public,KEKO,cpudt,text
public,KEKO,cpudm,text
public,KEKO,cputime,text
public,KEKO,feh_anz,text
public,KEKO,feh_k_anz,text
public,KEKO,feh_sta,text
public,KEKO,maxmsg,text
public,KEKO,freig,text
public,KEKO,mkalk,text
public,KEKO,baltkz,text
public,KEKO,kalnr_ba,text
public,KEKO,btyp,text
public,KEKO,misch_verh,text
public,KEKO,bwvar_ba,text
public,KEKO,plscn,text
public,KEKO,plmng,text
public,KEKO,sobsl,text
public,KEKO,sobes,text
public,KEKO,sowrk,text
public,KEKO,sobwt,text
public,KEKO,sodir,text
public,KEKO,sodum,text
public,KEKO,kalsm,text
public,KEKO,aufza,text
public,KEKO,bwsmr,text
public,KEKO,substrat,text
public,KEKO,klvar,text
public,KEKO,kosgr,text
public,KEKO,zschl,text
public,KEKO,poper,text
public,KEKO,bdatj,text
public,KEKO,stkoz,text
public,KEKO,zaehl,text
public,KEKO,topka,text
public,KEKO,cmf_nr,text
public,KEKO,ocs_count,text
public,KEKO,objnr,text
public,KEKO,erzka,text
public,KEKO,losau,text
public,KEKO,ausid,text
public,KEKO,ausss,text
public,KEKO,saprl,text
public,KEKO,kzroh,text
public,KEKO,aufpl,text
public,KEKO,cuobj,text
public,KEKO,cuobjid,text
public,KEKO,techs,text
public,KEKO,type,text
public,KEKO,wrklt,text
public,KEKO,vormdat,text
public,KEKO,vormusr,text
public,KEKO,freidat,text
public,KEKO,freiusr,text
public,KEKO,uebid,text
public,KEKO,prozess,text
public,KEKO,pr_verid,text
public,KEKO,csplit,text
public,KEKO,kzkup,text
public,KEKO,fxpru,text
public,KEKO,cfxpr,text
public,KEKO,ziffr,text
public,KEKO,sumziffr,text
public,KEKO,afakt,text
public,KEKO,vbeln,text
public,KEKO,posnr,text
public,KEKO,pspnr,text
public,KEKO,sbdkz,text
public,KEKO,mlmaa,text
public,KEKO,beskz,text
public,KEKO,disst,text
public,KEKO,kalst,text
public,KEKO,template,text
public,KEKO,patnr,text
public,KEKO,part_vrsn,text
public,KEKO,elehk,text
public,KEKO,elehkns,text
public,KEKO,vocnt,text
public,KEKO,gsber,text
public,KEKO,prctr,text
public,KEKO,tpvar,text
public,KEKO,kurst,text
public,KEKO,mgtyp,text
public,KEKO,hwaer,text
public,KEKO,fwaer_kpf,text
public,KEKO,refid,text
public,KEKO,meinh_ws,text
public,KEKO,kzwso,text
public,KEKO,asl,text
public,KEKO,kalaid,text
public,KEKO,kaladat,text
public,KEKO,otyp,text
public,KEKO,bapi_created,text
public,KEKO,sgt_scat,text
public,KEPH,mandt,text
public,KEPH,bzobj,text
public,KEPH,kalnr,text
public,KEPH,kalka,text
public,KEPH,kadky,text
public,KEPH,tvers,text
public,KEPH,bwvar,text
public,KEPH,kkzma,text
public,KEPH,patnr,text
public,KEPH,keart,text
public,KEPH,losfx,text
public,KEPH,kkzst,text
public,KEPH,kkzmm,text
public,KEPH,dipa,text
public,KEPH,kst001,text
public,KEPH,kst002,text
public,KEPH,kst003,text
public,KEPH,kst004,text
public,KEPH,kst005,text
public,KEPH,kst006,text
public,KEPH,kst007,text
public,KEPH,kst008,text
public,KEPH,kst009,text
public,KEPH,kst010,text
public,KEPH,kst011,text
public,KEPH,kst012,text
public,KEPH,kst013,text
public,KEPH,kst014,text
public,KEPH,kst015,text
public,KEPH,kst016,text
public,KEPH,kst017,text
public,KEPH,kst018,text
public,KEPH,kst019,text
public,KEPH,kst020,text
public,KEPH,kst021,text
public,KEPH,kst022,text
public,KEPH,kst023,text
public,KEPH,kst024,text
public,KEPH,kst025,text
public,KEPH,kst026,text
public,KEPH,kst027,text
public,KEPH,kst028,text
public,KEPH,kst029,text
public,KEPH,kst030,text
public,KEPH,kst031,text
public,KEPH,kst032,text
public,KEPH,kst033,text
public,KEPH,kst034,text
public,KEPH,kst035,text
public,KEPH,kst036,text
public,KEPH,kst037,text
public,KEPH,kst038,text
public,KEPH,kst039,text
public,KEPH,kst040,text
public,KLAH,mandt,text
public,KLAH,clint,text
public,KLAH,klart,text
public,KLAH,class,text
public,KLAH,statu,text
public,KLAH,klagr,text
public,KLAH,bgrse,text
public,KLAH,bgrkl,text
public,KLAH,bgrkp,text
public,KLAH,aname,text
public,KLAH,adatu,text
public,KLAH,vname,text
public,KLAH,vdatu,text
public,KLAH,vondt,text
public,KLAH,bisdt,text
public,KLAH,anzuo,text
public,KLAH,praus,text
public,KLAH,sicht,text
public,KLAH,doknr,text
public,KLAH,dokar,text
public,KLAH,doktl,text
public,KLAH,dokvr,text
public,KLAH,dinkz,text
public,KLAH,nnorm,text
public,KLAH,normn,text
public,KLAH,normb,text
public,KLAH,nrmt1,text
public,KLAH,nrmt2,text
public,KLAH,ausgd,text
public,KLAH,versd,text
public,KLAH,versi,text
public,KLAH,leist,text
public,KLAH,verwe,text
public,KLAH,spart,text
public,KLAH,lref3,text
public,KLAH,wwskz,text
public,KLAH,wwssi,text
public,KLAH,potpr,text
public,KLAH,clobk,text
public,KLAH,clmul,text
public,KLAH,cview,text
public,KLAH,disst,text
public,KLAH,meins,text
public,KLAH,clmod,text
public,KLAH,vwstl,text
public,KLAH,vwpla,text
public,KLAH,clalt,text
public,KLAH,lbrei,text
public,KLAH,bname,text
public,KLAH,maxbl,text
public,KLAH,knobj,text
public,KLAH,locla,text
public,KLAH,katalog,text
public,KLAH,kdokaz,text
public,KLAH,genrkz,text
public,KNA1,mandt,text
public,KNA1,kunnr,text
public,KNA1,land1,text
public,KNA1,name1,text
public,KNA1,name2,text
public,KNA1,ort01,text
public,KNA1,pstlz,text
public,KNA1,regio,text
public,KNA1,sortl,text
public,KNA1,stras,text
public,KNA1,telf1,text
public,KNA1,telfx,text
public,KNA1,xcpdk,text
public,KNA1,adrnr,text
public,KNA1,mcod1,text
public,KNA1,mcod2,text
public,KNA1,mcod3,text
public,KNA1,anred,text
public,KNA1,aufsd,text
public,KNA1,bahne,text
public,KNA1,bahns,text
public,KNA1,bbbnr,text
public,KNA1,bbsnr,text
public,KNA1,begru,text
public,KNA1,brsch,text
public,KNA1,bubkz,text
public,KNA1,datlt,text
public,KNA1,erdat,text
public,KNA1,ernam,text
public,KNA1,exabl,text
public,KNA1,faksd,text
public,KNA1,fiskn,text
public,KNA1,knazk,text
public,KNA1,knrza,text
public,KNA1,konzs,text
public,KNA1,ktokd,text
public,KNA1,kukla,text
public,KNA1,lifnr,text
public,KNA1,lifsd,text
public,KNA1,locco,text
public,KNA1,loevm,text
public,KNA1,name3,text
public,KNA1,name4,text
public,KNA1,niels,text
public,KNA1,ort02,text
public,KNA1,pfach,text
public,KNA1,pstl2,text
public,KNA1,counc,text
public,KNA1,cityc,text
public,KNA1,rpmkr,text
public,KNA1,sperr,text
public,KNA1,spras,text
public,KNA1,stcd1,text
public,KNA1,stcd2,text
public,KNA1,stkza,text
public,KNA1,stkzu,text
public,KNA1,telbx,text
public,KNA1,telf2,text
public,KNA1,teltx,text
public,KNA1,telx1,text
public,KNA1,lzone,text
public,KNA1,xzemp,text
public,KNA1,vbund,text
public,KNA1,stceg,text
public,KNA1,dear1,text
public,KNA1,dear2,text
public,KNA1,dear3,text
public,KNA1,dear4,text
public,KNA1,dear5,text
public,KNA1,gform,text
public,KNA1,bran1,text
public,KNA1,bran2,text
public,KNA1,bran3,text
public,KNA1,bran4,text
public,KNA1,bran5,text
public,KNA1,ekont,text
public,KNA1,umsat,text
public,KNA1,umjah,text
public,KNA1,uwaer,text
public,KNA1,jmzah,text
public,KNA1,jmjah,text
public,KNA1,katr1,text
public,KNA1,katr2,text
public,KNA1,katr3,text
public,KNA1,katr4,text
public,KNA1,katr5,text
public,KNA1,katr6,text
public,KNA1,katr7,text
public,KNA1,katr8,text
public,KNA1,katr9,text
public,KNA1,katr10,text
public,KNA1,stkzn,text
public,KNA1,umsa1,text
public,KNA1,txjcd,text
public,KNA1,periv,text
public,KNA1,abrvw,text
public,KNA1,inspbydebi,text
public,KNA1,inspatdebi,text
public,KNA1,ktocd,text
public,KNA1,pfort,text
public,KNA1,werks,text
public,KNA1,dtams,text
public,KNA1,dtaws,text
public,KNA1,duefl,text
public,KNA1,hzuor,text
public,KNA1,sperz,text
public,KNA1,etikg,text
public,KNA1,civve,text
public,KNA1,milve,text
public,KNA1,kdkg1,text
public,KNA1,kdkg2,text
public,KNA1,kdkg3,text
public,KNA1,kdkg4,text
public,KNA1,kdkg5,text
public,KNA1,xknza,text
public,KNA1,fityp,text
public,KNA1,stcdt,text
public,KNA1,stcd3,text
public,KNA1,stcd4,text
public,KNA1,stcd5,text
public,KNA1,xicms,text
public,KNA1,xxipi,text
public,KNA1,xsubt,text
public,KNA1,cfopc,text
public,KNA1,txlw1,text
public,KNA1,txlw2,text
public,KNA1,ccc01,text
public,KNA1,ccc02,text
public,KNA1,ccc03,text
public,KNA1,ccc04,text
public,KNA1,cassd,text
public,KNA1,knurl,text
public,KNA1,j_1kfrepre,text
public,KNA1,j_1kftbus,text
public,KNA1,j_1kftind,text
public,KNA1,confs,text
public,KNA1,updat,text
public,KNA1,uptim,text
public,KNA1,nodel,text
public,KNA1,dear6,text
public,KNA1,cvp_xblck,text
public,KNA1,suframa,text
public,KNA1,rg,text
public,KNA1,exp,text
public,KNA1,uf,text
public,KNA1,rgdate,text
public,KNA1,ric,text
public,KNA1,rne,text
public,KNA1,rnedate,text
public,KNA1,cnae,text
public,KNA1,legalnat,text
public,KNA1,crtn,text
public,KNA1,icmstaxpay,text
public,KNA1,indtyp,text
public,KNA1,tdt,text
public,KNA1,comsize,text
public,KNA1,decregpc,text
public,KNA1,/VSO/R_PALHGT,text
public,KNA1,/VSO/R_PAL_UL,text
public,KNA1,/VSO/R_PK_MAT,text
public,KNA1,/VSO/R_MATPAL,text
public,KNA1,/VSO/R_I_NO_LYR,text
public,KNA1,/VSO/R_ONE_MAT,text
public,KNA1,/VSO/R_ONE_SORT,text
public,KNA1,/VSO/R_ULD_SIDE,text
public,KNA1,/VSO/R_LOAD_PREF,text
public,KNA1,/VSO/R_DPOINT,text
public,KNA1,/XLSO/CUSTOMER,text
public,KNA1,/XLSO/SYSID,text
public,KNA1,/XLSO/CLIENT,text
public,KNA1,/XLSO/PARTNER,text
public,KNA1,/XLSO/PREF_PAY,text
public,KNA1,alc,text
public,KNA1,pmt_office,text
public,KNA1,fee_schedule,text
public,KNA1,duns,text
public,KNA1,duns4,text
public,KNA1,psofg,text
public,KNA1,psois,text
public,KNA1,pson1,text
public,KNA1,pson2,text
public,KNA1,pson3,text
public,KNA1,psovn,text
public,KNA1,psotl,text
public,KNA1,psohs,text
public,KNA1,psost,text
public,KNA1,psoo1,text
public,KNA1,psoo2,text
public,KNA1,psoo3,text
public,KNA1,psoo4,text
public,KNA1,psoo5,text
public,KNA1,oidrc,text
public,KNA1,oid_poreqd,text
public,KNA1,oipbl,text
public,KNBK,mandt,text
public,KNBK,kunnr,text
public,KNBK,banks,text
public,KNBK,bankl,text
public,KNBK,bankn,text
public,KNBK,bkont,text
public,KNBK,bvtyp,text
public,KNBK,xezer,text
public,KNBK,bkref,text
public,KNBK,koinh,text
public,KNBK,ebpp_accname,text
public,KNBK,ebpp_bvstatus,text
public,KNBK,kovon,text
public,KNBK,kobis,text
public,KNVP,mandt,text
public,KNVP,kunnr,text
public,KNVP,vkorg,text
public,KNVP,vtweg,text
public,KNVP,spart,text
public,KNVP,parvw,text
public,KNVP,parza,text
public,KNVP,kunn2,text
public,KNVP,lifnr,text
public,KNVP,pernr,text
public,KNVP,parnr,text
public,KNVP,knref,text
public,KNVP,defpa,text
public,KNVP,effective_date,text
public,KNVV,mandt,text
public,KNVV,kunnr,text
public,KNVV,vkorg,text
public,KNVV,vtweg,text
public,KNVV,spart,text
public,KNVV,ernam,text
public,KNVV,erdat,text
public,KNVV,begru,text
public,KNVV,loevm,text
public,KNVV,versg,text
public,KNVV,aufsd,text
public,KNVV,kalks,text
public,KNVV,kdgrp,text
public,KNVV,bzirk,text
public,KNVV,konda,text
public,KNVV,pltyp,text
public,KNVV,awahr,text
public,KNVV,inco1,text
public,KNVV,inco2,text
public,KNVV,lifsd,text
public,KNVV,autlf,text
public,KNVV,antlf,text
public,KNVV,kztlf,text
public,KNVV,kzazu,text
public,KNVV,chspl,text
public,KNVV,lprio,text
public,KNVV,eikto,text
public,KNVV,vsbed,text
public,KNVV,faksd,text
public,KNVV,mrnkz,text
public,KNVV,perfk,text
public,KNVV,perrl,text
public,KNVV,kvakz,text
public,KNVV,kvawt,text
public,KNVV,waers,text
public,KNVV,klabc,text
public,KNVV,ktgrd,text
public,KNVV,zterm,text
public,KNVV,vwerk,text
public,KNVV,vkgrp,text
public,KNVV,vkbur,text
public,KNVV,vsort,text
public,KNVV,kvgr1,text
public,KNVV,kvgr2,text
public,KNVV,kvgr3,text
public,KNVV,kvgr4,text
public,KNVV,kvgr5,text
public,KNVV,bokre,text
public,KNVV,boidt,text
public,KNVV,kurst,text
public,KNVV,prfre,text
public,KNVV,prat1,text
public,KNVV,prat2,text
public,KNVV,prat3,text
public,KNVV,prat4,text
public,KNVV,prat5,text
public,KNVV,prat6,text
public,KNVV,prat7,text
public,KNVV,prat8,text
public,KNVV,prat9,text
public,KNVV,prata,text
public,KNVV,kabss,text
public,KNVV,kkber,text
public,KNVV,cassd,text
public,KNVV,rdoff,text
public,KNVV,agrel,text
public,KNVV,megru,text
public,KNVV,uebto,text
public,KNVV,untto,text
public,KNVV,uebtk,text
public,KNVV,pvksm,text
public,KNVV,podkz,text
public,KNVV,podtg,text
public,KNVV,blind,text
public,KNVV,carrier_notif,text
public,KNVV,cvp_xblck_v,text
public,KNVV,incov,text
public,KNVV,inco2_l,text
public,KNVV,inco3_l,text
public,KNVV,/BEV1/EMLGPFAND,text
public,KNVV,/BEV1/EMLGFORTS,text
public,KNVV,/XLSO/CUST_DIS,text
public,KNVV,/XLSO/COMP_NAME,text
public,KNVV,/XLSO/INDUSTRY,text
public,KNVV,/XLSO/H_NUMBER,text
public,KNVV,/XLSO/STREET,text
public,KNVV,/XLSO/POST_CODE,text
public,KNVV,/XLSO/CITY,text
public,KNVV,/XLSO/REGION,text
public,KNVV,/XLSO/COUNTRY,text
public,KNVV,/XLSO/INACTIVE,text
public,KNVV,fsh_kvgr6,text
public,KNVV,fsh_kvgr7,text
public,KNVV,fsh_kvgr8,text
public,KNVV,fsh_kvgr9,text
public,KNVV,fsh_kvgr10,text
public,KNVV,fsh_grreg,text
public,KNVV,fsh_resgy,text
public,KNVV,fsh_sc_cid,text
public,KNVV,fsh_vas_detc,text
public,KNVV,fsh_vas_cg,text
public,KNVV,fsh_grsgy,text
public,KNVV,fsh_ss,text
public,KNVV,fsh_msocdc,text
public,KNVV,fsh_msopid,text
public,KONV,mandt,text
public,KONV,knumv,text
public,KONV,kposn,text
public,KONV,stunr,text
public,KONV,zaehk,text
public,KONV,kappl,text
public,KONV,kschl,text
public,KONV,kdatu,text
public,KONV,krech,text
public,KONV,kawrt,text
public,KONV,kbetr,text
public,KONV,waers,text
public,KONV,kkurs,text
public,KONV,kpein,text
public,KONV,kmein,text
public,KONV,kumza,text
public,KONV,kumne,text
public,KONV,kntyp,text
public,KONV,kstat,text
public,KONV,knprs,text
public,KONV,kruek,text
public,KONV,kreli,text
public,KONV,kherk,text
public,KONV,kgrpe,text
public,KONV,koupd,text
public,KONV,kolnr,text
public,KONV,knumh,text
public,KONV,kopos,text
public,KONV,kvsl1,text
public,KONV,sakn1,text
public,KONV,mwsk1,text
public,KONV,kvsl2,text
public,KONV,sakn2,text
public,KONV,mwsk2,text
public,KONV,lifnr,text
public,KONV,kunnr,text
public,KONV,kdiff,text
public,KONV,kwert,text
public,KONV,ksteu,text
public,KONV,kinak,text
public,KONV,koaid,text
public,KONV,zaeko,text
public,KONV,kmxaw,text
public,KONV,kmxwr,text
public,KONV,kfaktor,text
public,KONV,kdupl,text
public,KONV,kfaktor1,text
public,KONV,kzbzg,text
public,KONV,kstbs,text
public,KONV,konms,text
public,KONV,konws,text
public,KONV,kawrt_k,text
public,KONV,kwaeh,text
public,KONV,kwert_k,text
public,KONV,kfkiv,text
public,KONV,kvarc,text
public,KONV,kmprs,text
public,KONV,prsqu,text
public,KONV,varcond,text
public,KONV,stufe,text
public,KONV,wegxx,text
public,KONV,ktrel,text
public,KONV,mdflg,text
public,KONV,txjlv,text
public,KONV,kbflag,text
public,KONV,kolnr3,text
public,KONV,cpf_guid,text
public,KONV,kaqty,text
public,LFA1,mandt,text
public,LFA1,lifnr,text
public,LFA1,land1,text
public,LFA1,name1,text
public,LFA1,name2,text
public,LFA1,name3,text
public,LFA1,name4,text
public,LFA1,ort01,text
public,LFA1,ort02,text
public,LFA1,pfach,text
public,LFA1,pstl2,text
public,LFA1,pstlz,text
public,LFA1,regio,text
public,LFA1,sortl,text
public,LFA1,stras,text
public,LFA1,adrnr,text
public,LFA1,mcod1,text
public,LFA1,mcod2,text
public,LFA1,mcod3,text
public,LFA1,anred,text
public,LFA1,bahns,text
public,LFA1,bbbnr,text
public,LFA1,bbsnr,text
public,LFA1,begru,text
public,LFA1,brsch,text
public,LFA1,bubkz,text
public,LFA1,datlt,text
public,LFA1,dtams,text
public,LFA1,dtaws,text
public,LFA1,erdat,text
public,LFA1,ernam,text
public,LFA1,esrnr,text
public,LFA1,konzs,text
public,LFA1,ktokk,text
public,LFA1,kunnr,text
public,LFA1,lnrza,text
public,LFA1,loevm,text
public,LFA1,sperr,text
public,LFA1,sperm,text
public,LFA1,spras,text
public,LFA1,stcd1,text
public,LFA1,stcd2,text
public,LFA1,stkza,text
public,LFA1,stkzu,text
public,LFA1,telbx,text
public,LFA1,telf1,text
public,LFA1,telf2,text
public,LFA1,telfx,text
public,LFA1,teltx,text
public,LFA1,telx1,text
public,LFA1,xcpdk,text
public,LFA1,xzemp,text
public,LFA1,vbund,text
public,LFA1,fiskn,text
public,LFA1,stceg,text
public,LFA1,stkzn,text
public,LFA1,sperq,text
public,LFA1,gbort,text
public,LFA1,gbdat,text
public,LFA1,sexkz,text
public,LFA1,kraus,text
public,LFA1,revdb,text
public,LFA1,qssys,text
public,LFA1,ktock,text
public,LFA1,pfort,text
public,LFA1,werks,text
public,LFA1,ltsna,text
public,LFA1,werkr,text
public,LFA1,plkal,text
public,LFA1,duefl,text
public,LFA1,txjcd,text
public,LFA1,sperz,text
public,LFA1,scacd,text
public,LFA1,sfrgr,text
public,LFA1,lzone,text
public,LFA1,xlfza,text
public,LFA1,dlgrp,text
public,LFA1,fityp,text
public,LFA1,stcdt,text
public,LFA1,regss,text
public,LFA1,actss,text
public,LFA1,stcd3,text
public,LFA1,stcd4,text
public,LFA1,stcd5,text
public,LFA1,ipisp,text
public,LFA1,taxbs,text
public,LFA1,profs,text
public,LFA1,stgdl,text
public,LFA1,emnfr,text
public,LFA1,lfurl,text
public,LFA1,j_1kfrepre,text
public,LFA1,j_1kftbus,text
public,LFA1,j_1kftind,text
public,LFA1,confs,text
public,LFA1,updat,text
public,LFA1,uptim,text
public,LFA1,nodel,text
public,LFA1,qssysdat,text
public,LFA1,podkzb,text
public,LFA1,fisku,text
public,LFA1,stenr,text
public,LFA1,carrier_conf,text
public,LFA1,min_comp,text
public,LFA1,term_li,text
public,LFA1,crc_num,text
public,LFA1,cvp_xblck,text
public,LFA1,rg,text
public,LFA1,exp,text
public,LFA1,uf,text
public,LFA1,rgdate,text
public,LFA1,ric,text
public,LFA1,rne,text
public,LFA1,rnedate,text
public,LFA1,cnae,text
public,LFA1,legalnat,text
public,LFA1,crtn,text
public,LFA1,icmstaxpay,text
public,LFA1,indtyp,text
public,LFA1,tdt,text
public,LFA1,comsize,text
public,LFA1,decregpc,text
public,LFA1,j_sc_capital,text
public,LFA1,j_sc_currency,text
public,LFA1,alc,text
public,LFA1,pmt_office,text
public,LFA1,ppa_relevant,text
public,LFA1,psofg,text
public,LFA1,psois,text
public,LFA1,pson1,text
public,LFA1,pson2,text
public,LFA1,pson3,text
public,LFA1,psovn,text
public,LFA1,psotl,text
public,LFA1,psohs,text
public,LFA1,psost,text
public,LFA1,transport_chain,text
public,LFA1,staging_time,text
public,LFA1,scheduling_type,text
public,LFA1,submi_relevant,text
public,LFB1,mandt,text
public,LFB1,lifnr,text
public,LFB1,bukrs,text
public,LFB1,pernr,text
public,LFB1,erdat,text
public,LFB1,ernam,text
public,LFB1,sperr,text
public,LFB1,loevm,text
public,LFB1,zuawa,text
public,LFB1,akont,text
public,LFB1,begru,text
public,LFB1,vzskz,text
public,LFB1,zwels,text
public,LFB1,xverr,text
public,LFB1,zahls,text
public,LFB1,zterm,text
public,LFB1,eikto,text
public,LFB1,zsabe,text
public,LFB1,kverm,text
public,LFB1,fdgrv,text
public,LFB1,busab,text
public,LFB1,lnrze,text
public,LFB1,lnrzb,text
public,LFB1,zindt,text
public,LFB1,zinrt,text
public,LFB1,datlz,text
public,LFB1,xdezv,text
public,LFB1,webtr,text
public,LFB1,kultg,text
public,LFB1,reprf,text
public,LFB1,togru,text
public,LFB1,hbkid,text
public,LFB1,xpore,text
public,LFB1,qsznr,text
public,LFB1,qszdt,text
public,LFB1,qsskz,text
public,LFB1,blnkz,text
public,LFB1,mindk,text
public,LFB1,altkn,text
public,LFB1,zgrup,text
public,LFB1,mgrup,text
public,LFB1,uzawe,text
public,LFB1,qsrec,text
public,LFB1,qsbgr,text
public,LFB1,qland,text
public,LFB1,xedip,text
public,LFB1,frgrp,text
public,LFB1,togrr,text
public,LFB1,tlfxs,text
public,LFB1,intad,text
public,LFB1,xlfzb,text
public,LFB1,guzte,text
public,LFB1,gricd,text
public,LFB1,gridt,text
public,LFB1,xausz,text
public,LFB1,cerdt,text
public,LFB1,confs,text
public,LFB1,updat,text
public,LFB1,uptim,text
public,LFB1,nodel,text
public,LFB1,tlfns,text
public,LFB1,avsnd,text
public,LFB1,ad_hash,text
public,LFB1,cvp_xblck_b,text
public,LFB1,ciiucode,text
public,LFB1,zbokd,text
public,LFB1,zqsskz,text
public,LFB1,zqszdt,text
public,LFB1,zqsznr,text
public,LFB1,zmindat,text
public,LFB1,j_sc_subcontype,text
public,LFB1,j_sc_compdate,text
public,LFB1,j_sc_offsm,text
public,LFB1,j_sc_offsr,text
public,LFB1,basis_pnt,text
public,LFB1,gmvkzk,text
public,LFB1,prepay_relevant,text
public,LFB1,assign_test,text
public,LFM1,mandt,text
public,LFM1,lifnr,text
public,LFM1,ekorg,text
public,LFM1,erdat,text
public,LFM1,ernam,text
public,LFM1,sperm,text
public,LFM1,loevm,text
public,LFM1,lfabc,text
public,LFM1,waers,text
public,LFM1,verkf,text
public,LFM1,telf1,text
public,LFM1,minbw,text
public,LFM1,zterm,text
public,LFM1,inco1,text
public,LFM1,inco2,text
public,LFM1,webre,text
public,LFM1,kzabs,text
public,LFM1,kalsk,text
public,LFM1,kzaut,text
public,LFM1,expvz,text
public,LFM1,zolla,text
public,LFM1,meprf,text
public,LFM1,ekgrp,text
public,LFM1,xersy,text
public,LFM1,plifz,text
public,LFM1,mrppp,text
public,LFM1,lfrhy,text
public,LFM1,libes,text
public,LFM1,lipre,text
public,LFM1,liser,text
public,LFM1,incov,text
public,LFM1,inco2_l,text
public,LFM1,inco3_l,text
public,LFM1,prfre,text
public,LFM1,nrgew,text
public,LFM1,boind,text
public,LFM1,blind,text
public,LFM1,kzret,text
public,LFM1,skrit,text
public,LFM1,bstae,text
public,LFM1,rdprf,text
public,LFM1,megru,text
public,LFM1,vensl,text
public,LFM1,bopnr,text
public,LFM1,xersr,text
public,LFM1,eikto,text
public,LFM1,abueb,text
public,LFM1,paprf,text
public,LFM1,agrel,text
public,LFM1,xnbwy,text
public,LFM1,vsbed,text
public,LFM1,lebre,text
public,LFM1,bolre,text
public,LFM1,umsae,text
public,LFM1,vendor_rma_req,text
public,LFM1,fsh_sc_cid,text
public,LFM1,fsh_vas_detc,text
public,LFM1,activity_profil,text
public,LFM1,transport_chain,text
public,LFM1,staging_time,text
public,LIKP,mandt,text
public,LIKP,vbeln,text
public,LIKP,ernam,text
public,LIKP,erzet,text
public,LIKP,erdat,text
public,LIKP,bzirk,text
public,LIKP,vstel,text
public,LIKP,vkorg,text
public,LIKP,lfart,text
public,LIKP,autlf,text
public,LIKP,kzazu,text
public,LIKP,wadat,text
public,LIKP,lddat,text
public,LIKP,tddat,text
public,LIKP,lfdat,text
public,LIKP,kodat,text
public,LIKP,ablad,text
public,LIKP,inco1,text
public,LIKP,inco2,text
public,LIKP,expkz,text
public,LIKP,route,text
public,LIKP,faksk,text
public,LIKP,lifsk,text
public,LIKP,vbtyp,text
public,LIKP,knfak,text
public,LIKP,tpqua,text
public,LIKP,tpgrp,text
public,LIKP,lprio,text
public,LIKP,vsbed,text
public,LIKP,kunnr,text
public,LIKP,kunag,text
public,LIKP,kdgrp,text
public,LIKP,stzkl,text
public,LIKP,stzzu,text
public,LIKP,btgew,text
public,LIKP,ntgew,text
public,LIKP,gewei,text
public,LIKP,volum,text
public,LIKP,voleh,text
public,LIKP,anzpk,text
public,LIKP,berot,text
public,LIKP,lfuhr,text
public,LIKP,grulg,text
public,LIKP,lstel,text
public,LIKP,tragr,text
public,LIKP,fkarv,text
public,LIKP,fkdat,text
public,LIKP,perfk,text
public,LIKP,routa,text
public,LIKP,stafo,text
public,LIKP,kalsm,text
public,LIKP,knumv,text
public,LIKP,waerk,text
public,LIKP,vkbur,text
public,LIKP,vbeak,text
public,LIKP,zukrl,text
public,LIKP,verur,text
public,LIKP,commn,text
public,LIKP,stwae,text
public,LIKP,stcur,text
public,LIKP,exnum,text
public,LIKP,aenam,text
public,LIKP,aedat,text
public,LIKP,lgnum,text
public,LIKP,lispl,text
public,LIKP,vkoiv,text
public,LIKP,vtwiv,text
public,LIKP,spaiv,text
public,LIKP,fkaiv,text
public,LIKP,pioiv,text
public,LIKP,fkdiv,text
public,LIKP,kuniv,text
public,LIKP,kkber,text
public,LIKP,knkli,text
public,LIKP,grupp,text
public,LIKP,sbgrp,text
public,LIKP,ctlpc,text
public,LIKP,cmwae,text
public,LIKP,amtbl,text
public,LIKP,bolnr,text
public,LIKP,lifnr,text
public,LIKP,traty,text
public,LIKP,traid,text
public,LIKP,cmfre,text
public,LIKP,cmngv,text
public,LIKP,xabln,text
public,LIKP,bldat,text
public,LIKP,wadat_ist,text
public,LIKP,trspg,text
public,LIKP,tpsid,text
public,LIKP,lifex,text
public,LIKP,ternr,text
public,LIKP,kalsm_ch,text
public,LIKP,klief,text
public,LIKP,kalsp,text
public,LIKP,knump,text
public,LIKP,netwr,text
public,LIKP,aulwe,text
public,LIKP,werks,text
public,LIKP,lcnum,text
public,LIKP,abssc,text
public,LIKP,kouhr,text
public,LIKP,tduhr,text
public,LIKP,lduhr,text
public,LIKP,wauhr,text
public,LIKP,lgtor,text
public,LIKP,lgbzo,text
public,LIKP,akwae,text
public,LIKP,akkur,text
public,LIKP,akprz,text
public,LIKP,proli,text
public,LIKP,xblnr,text
public,LIKP,handle,text
public,LIKP,tsegfl,text
public,LIKP,tsegtp,text
public,LIKP,tzonis,text
public,LIKP,tzonrc,text
public,LIKP,cont_dg,text
public,LIKP,verursys,text
public,LIKP,kzwab,text
public,LIKP,vlstk,text
public,LIKP,tcode,text
public,LIKP,vsart,text
public,LIKP,trmtyp,text
public,LIKP,sdabw,text
public,LIKP,vbund,text
public,LIKP,xwoff,text
public,LIKP,dirta,text
public,LIKP,prvbe,text
public,LIKP,folar,text
public,LIKP,podat,text
public,LIKP,potim,text
public,LIKP,vganz,text
public,LIKP,imwrk,text
public,LIKP,spe_loekz,text
public,LIKP,spe_loc_seq,text
public,LIKP,spe_acc_app_sts,text
public,LIKP,spe_shp_inf_sts,text
public,LIKP,spe_ret_canc,text
public,LIKP,spe_wauhr_ist,text
public,LIKP,spe_wazone_ist,text
public,LIKP,spe_rev_vlstk,text
public,LIKP,spe_le_scenario,text
public,LIKP,spe_orig_sys,text
public,LIKP,spe_chng_sys,text
public,LIKP,spe_georoute,text
public,LIKP,spe_georouteind,text
public,LIKP,spe_carrier_ind,text
public,LIKP,spe_gts_rel,text
public,LIKP,spe_gts_rt_cde,text
public,LIKP,spe_rel_tmstmp,text
public,LIKP,spe_unit_system,text
public,LIKP,spe_inv_bfr_gi,text
public,LIKP,spe_qi_status,text
public,LIKP,spe_red_ind,text
public,LIKP,sakes,text
public,LIKP,spe_lifex_type,text
public,LIKP,spe_ttype,text
public,LIKP,spe_pro_number,text
public,LIKP,loc_guid,text
public,LIKP,spe_billing_ind,text
public,LIKP,printer_profile,text
public,LIKP,msr_active,text
public,LIKP,prtnr,text
public,LIKP,stge_loc_change,text
public,LIKP,tm_ctrl_key,text
public,LIKP,dlv_split_initia,text
public,LIKP,dlv_version,text
public,LIKP,handoverloc,text
public,LIKP,handoverdate,text
public,LIKP,handovertime,text
public,LIKP,handovertzone,text
public,LIKP,incov,text
public,LIKP,inco2_l,text
public,LIKP,inco3_l,text
public,LIKP,/BEV1/LULEINH,text
public,LIKP,/BEV1/RPFAESS,text
public,LIKP,/BEV1/RPKIST,text
public,LIKP,/BEV1/RPCONT,text
public,LIKP,/BEV1/RPSONST,text
public,LIKP,/BEV1/RPFLGNR,text
public,LIKP,borgr_grp,text
public,LIKP,fsh_transaction,text
public,LIKP,fsh_vas_last_item,text
public,LIKP,fsh_vas_cg,text
public,LIPS,mandt,text
public,LIPS,vbeln,text
public,LIPS,posnr,text
public,LIPS,pstyv,text
public,LIPS,ernam,text
public,LIPS,erzet,text
public,LIPS,erdat,text
public,LIPS,matnr,text
public,LIPS,matwa,text
public,LIPS,matkl,text
public,LIPS,werks,text
public,LIPS,lgort,text
public,LIPS,charg,text
public,LIPS,lichn,text
public,LIPS,kdmat,text
public,LIPS,prodh,text
public,LIPS,lfimg,text
public,LIPS,meins,text
public,LIPS,vrkme,text
public,LIPS,umvkz,text
public,LIPS,umvkn,text
public,LIPS,ntgew,text
public,LIPS,brgew,text
public,LIPS,gewei,text
public,LIPS,volum,text
public,LIPS,voleh,text
public,LIPS,kztlf,text
public,LIPS,uebtk,text
public,LIPS,uebto,text
public,LIPS,untto,text
public,LIPS,chspl,text
public,LIPS,faksp,text
public,LIPS,mbdat,text
public,LIPS,lgmng,text
public,LIPS,arktx,text
public,LIPS,lgpbe,text
public,LIPS,vbelv,text
public,LIPS,posnv,text
public,LIPS,vbtyv,text
public,LIPS,vgsys,text
public,LIPS,vgbel,text
public,LIPS,vgpos,text
public,LIPS,upflu,text
public,LIPS,uepos,text
public,LIPS,fkrel,text
public,LIPS,ladgr,text
public,LIPS,tragr,text
public,LIPS,komkz,text
public,LIPS,lgnum,text
public,LIPS,lispl,text
public,LIPS,lgtyp,text
public,LIPS,lgpla,text
public,LIPS,bwtex,text
public,LIPS,bwart,text
public,LIPS,bwlvs,text
public,LIPS,kzdlg,text
public,LIPS,bdart,text
public,LIPS,plart,text
public,LIPS,mtart,text
public,LIPS,xchpf,text
public,LIPS,xchar,text
public,LIPS,vgref,text
public,LIPS,posar,text
public,LIPS,bwtar,text
public,LIPS,sumbd,text
public,LIPS,mtvfp,text
public,LIPS,eannr,text
public,LIPS,gsber,text
public,LIPS,vkbur,text
public,LIPS,vkgrp,text
public,LIPS,vtweg,text
public,LIPS,spart,text
public,LIPS,grkor,text
public,LIPS,fmeng,text
public,LIPS,antlf,text
public,LIPS,vbeaf,text
public,LIPS,vbeav,text
public,LIPS,stafo,text
public,LIPS,wavwr,text
public,LIPS,kzwi1,text
public,LIPS,kzwi2,text
public,LIPS,kzwi3,text
public,LIPS,kzwi4,text
public,LIPS,kzwi5,text
public,LIPS,kzwi6,text
public,LIPS,sobkz,text
public,LIPS,aedat,text
public,LIPS,ean11,text
public,LIPS,kvgr1,text
public,LIPS,kvgr2,text
public,LIPS,kvgr3,text
public,LIPS,kvgr4,text
public,LIPS,kvgr5,text
public,LIPS,mvgr1,text
public,LIPS,mvgr2,text
public,LIPS,mvgr3,text
public,LIPS,mvgr4,text
public,LIPS,mvgr5,text
public,LIPS,vpzuo,text
public,LIPS,vgtyp,text
public,LIPS,rfvgtyp,text
public,LIPS,kostl,text
public,LIPS,kokrs,text
public,LIPS,paobjnr,text
public,LIPS,prctr,text
public,LIPS,PS_PSP_PNR,text
public,LIPS,aufnr,text
public,LIPS,posnr_pp,text
public,LIPS,kdauf,text
public,LIPS,kdpos,text
public,LIPS,vpmat,text
public,LIPS,vpwrk,text
public,LIPS,prbme,text
public,LIPS,umref,text
public,LIPS,knttp,text
public,LIPS,kzvbr,text
public,LIPS,fipos,text
public,LIPS,fistl,text
public,LIPS,geber,text
public,LIPS,pckpf,text
public,LIPS,bedar_lf,text
public,LIPS,cmpnt,text
public,LIPS,kcmeng,text
public,LIPS,kcbrgew,text
public,LIPS,kcntgew,text
public,LIPS,kcvolum,text
public,LIPS,uecha,text
public,LIPS,cuobj,text
public,LIPS,CUOBJ_CH,text
public,LIPS,anzsn,text
public,LIPS,serail,text
public,LIPS,kcgewei,text
public,LIPS,kcvoleh,text
public,LIPS,sernr,text
public,LIPS,abrli,text
public,LIPS,abart,text
public,LIPS,abrvw,text
public,LIPS,qplos,text
public,LIPS,qtlos,text
public,LIPS,nachl,text
public,LIPS,magrv,text
public,LIPS,objko,text
public,LIPS,objpo,text
public,LIPS,aeskd,text
public,LIPS,shkzg,text
public,LIPS,prosa,text
public,LIPS,uepvw,text
public,LIPS,empst,text
public,LIPS,abtnr,text
public,LIPS,koqui,text
public,LIPS,stadat,text
public,LIPS,aktnr,text
public,LIPS,KNUMH_CH,text
public,LIPS,prefe,text
public,LIPS,exart,text
public,LIPS,clint,text
public,LIPS,chmvs,text
public,LIPS,abeln,text
public,LIPS,abelp,text
public,LIPS,lfimg_flo,text
public,LIPS,lgmng_flo,text
public,LIPS,kcmeng_flo,text
public,LIPS,kzumw,text
public,LIPS,kmpmg,text
public,LIPS,aurel,text
public,LIPS,kpein,text
public,LIPS,kmein,text
public,LIPS,netpr,text
public,LIPS,netwr,text
public,LIPS,kowrr,text
public,LIPS,kzbew,text
public,LIPS,mfrgr,text
public,LIPS,chhpv,text
public,LIPS,abfor,text
public,LIPS,abges,text
public,LIPS,mbuhr,text
public,LIPS,wktnr,text
public,LIPS,wktps,text
public,LIPS,J_1BCFOP,text
public,LIPS,J_1BTAXLW1,text
public,LIPS,J_1BTAXLW2,text
public,LIPS,J_1BTXSDC,text
public,LIPS,situa,text
public,LIPS,rsnum,text
public,LIPS,rspos,text
public,LIPS,rsart,text
public,LIPS,kannr,text
public,LIPS,kzfme,text
public,LIPS,profl,text
public,LIPS,kcmengvme,text
public,LIPS,kcmengvmef,text
public,LIPS,kzbws,text
public,LIPS,pspnr,text
public,LIPS,eprio,text
public,LIPS,rules,text
public,LIPS,kzbef,text
public,LIPS,mprof,text
public,LIPS,ematn,text
public,LIPS,lgbzo,text
public,LIPS,handle,text
public,LIPS,verurpos,text
public,LIPS,lifexpos,text
public,LIPS,noatp,text
public,LIPS,nopck,text
public,LIPS,rblvs,text
public,LIPS,berid,text
public,LIPS,bestq,text
public,LIPS,umbsq,text
public,LIPS,ummat,text
public,LIPS,umwrk,text
public,LIPS,umlgo,text
public,LIPS,umcha,text
public,LIPS,umbar,text
public,LIPS,umsok,text
public,LIPS,sonum,text
public,LIPS,usonu,text
public,LIPS,akkur,text
public,LIPS,akmng,text
public,LIPS,vkgru,text
public,LIPS,SHKZG_UM,text
public,LIPS,insmk,text
public,LIPS,kzech,text
public,LIPS,flgwm,text
public,LIPS,berkz,text
public,LIPS,hupos,text
public,LIPS,nowab,text
public,LIPS,konto,text
public,LIPS,kzear,text
public,LIPS,hsdat,text
public,LIPS,vfdat,text
public,LIPS,lfgja,text
public,LIPS,lfbnr,text
public,LIPS,lfpos,text
public,LIPS,grund,text
public,LIPS,fobwa,text
public,LIPS,dlvtp,text
public,LIPS,exbwr,text
public,LIPS,bpmng,text
public,LIPS,exvkw,text
public,LIPS,cmpre_flt,text
public,LIPS,kzpod,text
public,LIPS,lfdez,text
public,LIPS,umrev,text
public,LIPS,podrel,text
public,LIPS,kzuml,text
public,LIPS,fkber,text
public,LIPS,grant_nbr,text
public,LIPS,kzwso,text
public,LIPS,gmcontrol,text
public,LIPS,posting_change,text
public,LIPS,UM_PS_PSP_PNR,text
public,LIPS,pre_vl_etens,text
public,LIPS,spe_gen_elikz,text
public,LIPS,spe_scrap_ind,text
public,LIPS,spe_auth_number,text
public,LIPS,spe_inspout_guid,text
public,LIPS,spe_follow_up,text
public,LIPS,spe_exp_date_ext,text
public,LIPS,spe_exp_date_int,text
public,LIPS,spe_auth_complet,text
public,LIPS,ormng,text
public,LIPS,spe_atp_tmstmp,text
public,LIPS,spe_orig_sys,text
public,LIPS,spe_lieffz,text
public,LIPS,spe_imwrk,text
public,LIPS,spe_lifexpos2,text
public,LIPS,spe_except_code,text
public,LIPS,spe_keep_qty,text
public,LIPS,spe_alternate,text
public,LIPS,spe_mat_subst,text
public,LIPS,spe_struc,text
public,LIPS,spe_apo_qntyfac,text
public,LIPS,spe_apo_qntydiv,text
public,LIPS,spe_herkl,text
public,LIPS,spe_bxp_date_ext,text
public,LIPS,spe_version,text
public,LIPS,spe_compl_mvt,text
public,LIPS,J_1BTAXLW4,text
public,LIPS,J_1BTAXLW5,text
public,LIPS,J_1BTAXLW3,text
public,LIPS,budget_pd,text
public,LIPS,kbnkz,text
public,LIPS,farr_reltype,text
public,LIPS,sitkz,text
public,LIPS,sgt_rcat,text
public,LIPS,sgt_scat,text
public,LIPS,fsh_season_year,text
public,LIPS,fsh_season,text
public,LIPS,fsh_collection,text
public,LIPS,fsh_theme,text
public,LIPS,fsh_kvgr6,text
public,LIPS,fsh_kvgr7,text
public,LIPS,fsh_kvgr8,text
public,LIPS,fsh_kvgr9,text
public,LIPS,fsh_kvgr10,text
public,LIPS,fsh_vas_rel,text
public,LIPS,fsh_vas_prnt_id,text
public,LIPS,fsh_transaction,text
public,LIPS,fsh_item_group,text
public,LIPS,fsh_item,text
public,LIPS,fsh_rsnum,text
public,LIPS,fsh_rspos,text
public,LIPS,cons_order,text
public,LIPS,wrf_charstc1,text
public,LIPS,wrf_charstc2,text
public,LIPS,wrf_charstc3,text
public,LSEG,mandt,text
public,LSEG,lgnum,text
public,LSEG,lbeln,text
public,LSEG,lbpos,text
public,LSEG,matnr,text
public,LSEG,werks,text
public,LSEG,lgort,text
public,LSEG,charg,text
public,LSEG,bestq,text
public,LSEG,sobkz,text
public,LSEG,sonum,text
public,LSEG,menge,text
public,LSEG,meins,text
public,LSEG,lgtyp,text
public,LSEG,lgpla,text
public,LSEG,bwart,text
public,LSEG,bdatu,text
public,LSEG,bzeit,text
public,LSEG,lvbtp,text
public,LSEG,lvbnr,text
public,LSEG,lvbps,text
public,LSEG,lenum,text
public,LSEG,letyp,text
public,LSEG,xhupf,text
public,LSEG,nostk,text
public,LSEG,ernam,text
public,LSEG,sgt_scat,text
public,MAKT,mandt,text
public,MAKT,matnr,text
public,MAKT,spras,text
public,MAKT,maktx,text
public,MAKT,maktg,text
public,MARA,mandt,text
public,MARA,matnr,text
public,MARA,ersda,text
public,MARA,ernam,text
public,MARA,laeda,text
public,MARA,aenam,text
public,MARA,vpsta,text
public,MARA,pstat,text
public,MARA,lvorm,text
public,MARA,mtart,text
public,MARA,mbrsh,text
public,MARA,matkl,text
public,MARA,bismt,text
public,MARA,meins,text
public,MARA,bstme,text
public,MARA,zeinr,text
public,MARA,zeiar,text
public,MARA,zeivr,text
public,MARA,zeifo,text
public,MARA,aeszn,text
public,MARA,blatt,text
public,MARA,blanz,text
public,MARA,ferth,text
public,MARA,formt,text
public,MARA,groes,text
public,MARA,wrkst,text
public,MARA,normt,text
public,MARA,labor,text
public,MARA,ekwsl,text
public,MARA,brgew,text
public,MARA,ntgew,text
public,MARA,gewei,text
public,MARA,volum,text
public,MARA,voleh,text
public,MARA,behvo,text
public,MARA,raube,text
public,MARA,tempb,text
public,MARA,disst,text
public,MARA,tragr,text
public,MARA,stoff,text
public,MARA,spart,text
public,MARA,kunnr,text
public,MARA,eannr,text
public,MARA,wesch,text
public,MARA,bwvor,text
public,MARA,bwscl,text
public,MARA,saiso,text
public,MARA,etiar,text
public,MARA,etifo,text
public,MARA,entar,text
public,MARA,ean11,text
public,MARA,numtp,text
public,MARA,laeng,text
public,MARA,breit,text
public,MARA,hoehe,text
public,MARA,meabm,text
public,MARA,prdha,text
public,MARA,aeklk,text
public,MARA,cadkz,text
public,MARA,qmpur,text
public,MARA,ergew,text
public,MARA,ergei,text
public,MARA,ervol,text
public,MARA,ervoe,text
public,MARA,gewto,text
public,MARA,volto,text
public,MARA,vabme,text
public,MARA,kzrev,text
public,MARA,kzkfg,text
public,MARA,xchpf,text
public,MARA,vhart,text
public,MARA,fuelg,text
public,MARA,stfak,text
public,MARA,magrv,text
public,MARA,begru,text
public,MARA,datab,text
public,MARA,liqdt,text
public,MARA,saisj,text
public,MARA,plgtp,text
public,MARA,mlgut,text
public,MARA,extwg,text
public,MARA,satnr,text
public,MARA,attyp,text
public,MARA,kzkup,text
public,MARA,kznfm,text
public,MARA,pmata,text
public,MARA,mstae,text
public,MARA,mstav,text
public,MARA,mstde,text
public,MARA,mstdv,text
public,MARA,taklv,text
public,MARA,rbnrm,text
public,MARA,mhdrz,text
public,MARA,mhdhb,text
public,MARA,mhdlp,text
public,MARA,inhme,text
public,MARA,inhal,text
public,MARA,vpreh,text
public,MARA,etiag,text
public,MARA,inhbr,text
public,MARA,cmeth,text
public,MARA,cuobf,text
public,MARA,kzumw,text
public,MARA,kosch,text
public,MARA,sprof,text
public,MARA,nrfhg,text
public,MARA,mfrpn,text
public,MARA,mfrnr,text
public,MARA,bmatn,text
public,MARA,mprof,text
public,MARA,kzwsm,text
public,MARA,saity,text
public,MARA,profl,text
public,MARA,ihivi,text
public,MARA,iloos,text
public,MARA,serlv,text
public,MARA,kzgvh,text
public,MARA,xgchp,text
public,MARA,kzeff,text
public,MARA,compl,text
public,MARA,iprkz,text
public,MARA,rdmhd,text
public,MARA,przus,text
public,MARA,mtpos_mara,text
public,MARA,bflme,text
public,MARA,matfi,text
public,MARA,cmrel,text
public,MARA,bbtyp,text
public,MARA,sled_bbd,text
public,MARA,gtin_variant,text
public,MARA,gennr,text
public,MARA,rmatp,text
public,MARA,gds_relevant,text
public,MARA,weora,text
public,MARA,hutyp_dflt,text
public,MARA,pilferable,text
public,MARA,whstc,text
public,MARA,whmatgr,text
public,MARA,hndlcode,text
public,MARA,hazmat,text
public,MARA,hutyp,text
public,MARA,tare_var,text
public,MARA,maxc,text
public,MARA,maxc_tol,text
public,MARA,maxl,text
public,MARA,maxb,text
public,MARA,maxh,text
public,MARA,maxdim_uom,text
public,MARA,herkl,text
public,MARA,mfrgr,text
public,MARA,qqtime,text
public,MARA,qqtimeuom,text
public,MARA,qgrp,text
public,MARA,serial,text
public,MARA,ps_smartform,text
public,MARA,logunit,text
public,MARA,cwqrel,text
public,MARA,cwqproc,text
public,MARA,cwqtolgr,text
public,MARA,adprof,text
public,MARA,ipmipproduct,text
public,MARA,allow_pmat_igno,text
public,MARA,medium,text
public,MARA,commodity,text
public,MARA,animal_origin,text
public,MARA,textile_comp_ind,text
public,MARA,sgt_csgr,text
public,MARA,sgt_covsa,text
public,MARA,sgt_stat,text
public,MARA,sgt_scope,text
public,MARA,sgt_rel,text
public,MARA,fsh_mg_at1,text
public,MARA,fsh_mg_at2,text
public,MARA,fsh_mg_at3,text
public,MARA,fsh_sealv,text
public,MARA,fsh_seaim,text
public,MARA,fsh_sc_mid,text
public,MARA,anp,text
public,MARA,psm_code,text
public,MARA,/BEV1/LULEINH,text
public,MARA,/BEV1/LULDEGRP,text
public,MARA,/BEV1/NESTRUCCAT,text
public,MARA,/DSD/SL_TOLTYP,text
public,MARA,/DSD/SV_CNT_GRP,text
public,MARA,/DSD/VC_GROUP,text
public,MARA,/VSO/R_TILT_IND,text
public,MARA,/VSO/R_STACK_IND,text
public,MARA,/VSO/R_BOT_IND,text
public,MARA,/VSO/R_TOP_IND,text
public,MARA,/VSO/R_STACK_NO,text
public,MARA,/VSO/R_PAL_IND,text
public,MARA,/VSO/R_PAL_OVR_D,text
public,MARA,/VSO/R_PAL_OVR_W,text
public,MARA,/VSO/R_PAL_B_HT,text
public,MARA,/VSO/R_PAL_MIN_H,text
public,MARA,/VSO/R_TOL_B_HT,text
public,MARA,/VSO/R_NO_P_GVH,text
public,MARA,/VSO/R_QUAN_UNIT,text
public,MARA,/VSO/R_KZGVH_IND,text
public,MARA,packcode,text
public,MARA,dg_pack_status,text
public,MARA,mcond,text
public,MARA,retdelc,text
public,MARA,loglev_reto,text
public,MARA,nsnid,text
public,MARA,adspc_spc,text
public,MARA,imatn,text
public,MARA,picnum,text
public,MARA,bstat,text
public,MARA,color_atinn,text
public,MARA,size1_atinn,text
public,MARA,size2_atinn,text
public,MARA,color,text
public,MARA,size1,text
public,MARA,size2,text
public,MARA,free_char,text
public,MARA,care_code,text
public,MARA,brand_id,text
public,MARA,fiber_code1,text
public,MARA,fiber_part1,text
public,MARA,fiber_code2,text
public,MARA,fiber_part2,text
public,MARA,fiber_code3,text
public,MARA,fiber_part3,text
public,MARA,fiber_code4,text
public,MARA,fiber_part4,text
public,MARA,fiber_code5,text
public,MARA,fiber_part5,text
public,MARA,fashgrd,text
public,MARA,/ACCGO/ASSGD_UOM,text
public,MARA,/STTPEC/SERTYPE,text
public,MARA,/STTPEC/SYNCACT,text
public,MARA,/STTPEC/SYNCTIME,text
public,MARA,/STTPEC/SYNCCHG,text
public,MARA,/STTPEC/COUNTRY_REF,text
public,MARA,/STTPEC/PRDCAT,text
public,MARA,cobjid,text
public,MARA,cotype,text
public,MARA,oigroupnam,text
public,MARA,oitrind,text
public,MARA,oihmtxgr,text
public,MARC,mandt,text
public,MARC,matnr,text
public,MARC,werks,text
public,MARC,pstat,text
public,MARC,lvorm,text
public,MARC,bwtty,text
public,MARC,xchar,text
public,MARC,mmsta,text
public,MARC,mmstd,text
public,MARC,maabc,text
public,MARC,kzkri,text
public,MARC,ekgrp,text
public,MARC,ausme,text
public,MARC,dispr,text
public,MARC,dismm,text
public,MARC,dispo,text
public,MARC,kzdie,text
public,MARC,plifz,text
public,MARC,webaz,text
public,MARC,perkz,text
public,MARC,ausss,text
public,MARC,disls,text
public,MARC,beskz,text
public,MARC,sobsl,text
public,MARC,minbe,text
public,MARC,eisbe,text
public,MARC,bstmi,text
public,MARC,bstma,text
public,MARC,bstfe,text
public,MARC,bstrf,text
public,MARC,mabst,text
public,MARC,losfx,text
public,MARC,sbdkz,text
public,MARC,lagpr,text
public,MARC,altsl,text
public,MARC,kzaus,text
public,MARC,ausdt,text
public,MARC,nfmat,text
public,MARC,kzbed,text
public,MARC,miskz,text
public,MARC,fhori,text
public,MARC,pfrei,text
public,MARC,ffrei,text
public,MARC,rgekz,text
public,MARC,fevor,text
public,MARC,bearz,text
public,MARC,ruezt,text
public,MARC,tranz,text
public,MARC,basmg,text
public,MARC,dzeit,text
public,MARC,maxlz,text
public,MARC,lzeih,text
public,MARC,kzpro,text
public,MARC,gpmkz,text
public,MARC,ueeto,text
public,MARC,ueetk,text
public,MARC,uneto,text
public,MARC,wzeit,text
public,MARC,atpkz,text
public,MARC,vzusl,text
public,MARC,herbl,text
public,MARC,insmk,text
public,MARC,sproz,text
public,MARC,quazt,text
public,MARC,ssqss,text
public,MARC,mpdau,text
public,MARC,kzppv,text
public,MARC,kzdkz,text
public,MARC,wstgh,text
public,MARC,prfrq,text
public,MARC,nkmpr,text
public,MARC,umlmc,text
public,MARC,ladgr,text
public,MARC,xchpf,text
public,MARC,usequ,text
public,MARC,lgrad,text
public,MARC,auftl,text
public,MARC,plvar,text
public,MARC,otype,text
public,MARC,objid,text
public,MARC,mtvfp,text
public,MARC,periv,text
public,MARC,kzkfk,text
public,MARC,vrvez,text
public,MARC,vbamg,text
public,MARC,vbeaz,text
public,MARC,lizyk,text
public,MARC,bwscl,text
public,MARC,kautb,text
public,MARC,kordb,text
public,MARC,stawn,text
public,MARC,herkl,text
public,MARC,herkr,text
public,MARC,expme,text
public,MARC,mtver,text
public,MARC,prctr,text
public,MARC,trame,text
public,MARC,mrppp,text
public,MARC,sauft,text
public,MARC,fxhor,text
public,MARC,vrmod,text
public,MARC,vint1,text
public,MARC,vint2,text
public,MARC,verkz,text
public,MARC,stlal,text
public,MARC,stlan,text
public,MARC,plnnr,text
public,MARC,aplal,text
public,MARC,losgr,text
public,MARC,sobsk,text
public,MARC,frtme,text
public,MARC,lgpro,text
public,MARC,disgr,text
public,MARC,kausf,text
public,MARC,qzgtp,text
public,MARC,qmatv,text
public,MARC,takzt,text
public,MARC,rwpro,text
public,MARC,copam,text
public,MARC,abcin,text
public,MARC,awsls,text
public,MARC,sernp,text
public,MARC,cuobj,text
public,MARC,stdpd,text
public,MARC,sfepr,text
public,MARC,xmcng,text
public,MARC,qssys,text
public,MARC,lfrhy,text
public,MARC,rdprf,text
public,MARC,vrbmt,text
public,MARC,vrbwk,text
public,MARC,vrbdt,text
public,MARC,vrbfk,text
public,MARC,autru,text
public,MARC,prefe,text
public,MARC,prenc,text
public,MARC,preno,text
public,MARC,prend,text
public,MARC,prene,text
public,MARC,preng,text
public,MARC,itark,text
public,MARC,servg,text
public,MARC,kzkup,text
public,MARC,strgr,text
public,MARC,cuobv,text
public,MARC,lgfsb,text
public,MARC,schgt,text
public,MARC,ccfix,text
public,MARC,eprio,text
public,MARC,qmata,text
public,MARC,resvp,text
public,MARC,plnty,text
public,MARC,uomgr,text
public,MARC,umrsl,text
public,MARC,abfac,text
public,MARC,sfcpf,text
public,MARC,shflg,text
public,MARC,shzet,text
public,MARC,mdach,text
public,MARC,kzech,text
public,MARC,megru,text
public,MARC,mfrgr,text
public,MARC,vkumc,text
public,MARC,vktrw,text
public,MARC,kzagl,text
public,MARC,fvidk,text
public,MARC,fxpru,text
public,MARC,loggr,text
public,MARC,fprfm,text
public,MARC,glgmg,text
public,MARC,vkglg,text
public,MARC,indus,text
public,MARC,mownr,text
public,MARC,mogru,text
public,MARC,casnr,text
public,MARC,gpnum,text
public,MARC,steuc,text
public,MARC,fabkz,text
public,MARC,matgr,text
public,MARC,vspvb,text
public,MARC,dplfs,text
public,MARC,dplpu,text
public,MARC,dplho,text
public,MARC,minls,text
public,MARC,maxls,text
public,MARC,fixls,text
public,MARC,ltinc,text
public,MARC,compl,text
public,MARC,convt,text
public,MARC,shpro,text
public,MARC,ahdis,text
public,MARC,diber,text
public,MARC,kzpsp,text
public,MARC,ocmpf,text
public,MARC,apokz,text
public,MARC,mcrue,text
public,MARC,lfmon,text
public,MARC,lfgja,text
public,MARC,eislo,text
public,MARC,ncost,text
public,MARC,rotation_date,text
public,MARC,uchkz,text
public,MARC,ucmat,text
public,MARC,bwesb,text
public,MARC,sgt_covs,text
public,MARC,sgt_statc,text
public,MARC,sgt_scope,text
public,MARC,sgt_mrpsi,text
public,MARC,sgt_prcm,text
public,MARC,sgt_chint,text
public,MARC,sgt_stk_prt,text
public,MARC,sgt_defsc,text
public,MARC,sgt_mrp_atp_status,text
public,MARC,sgt_mmstd,text
public,MARC,fsh_mg_arun_req,text
public,MARC,fsh_seaim,text
public,MARC,fsh_var_group,text
public,MARC,fsh_kzech,text
public,MARC,fsh_calendar_group,text
public,MARC,ppskz,text
public,MARC,pps_strategy,text
public,MARC,pps_planning_type,text
public,MARC,pps_heur_id,text
public,MARC,pps_fixpeg,text
public,MARC,pps_peg_strategy,text
public,MARC,pps_grprt,text
public,MARC,pps_giprt,text
public,MARC,pps_conhap,text
public,MARC,pps_hunit,text
public,MARC,pps_conhap_out,text
public,MARC,pps_hunit_out,text
public,MARC,pps_atpcheck,text
public,MARC,pps_peg_fut_al,text
public,MARC,pps_peg_past_al,text
public,MARC,/MRSS/PROF_GUID,text
public,MARC,/MRSS/PROF_KEY,text
public,MARC,/MRSS/DATACHANGE,text
public,MARC,/SAPMP/TOLPRPL,text
public,MARC,/SAPMP/TOLPRMI,text
public,MARC,/VSO/R_PKGRP,text
public,MARC,/VSO/R_LANE_NUM,text
public,MARC,/VSO/R_PAL_VEND,text
public,MARC,/VSO/R_FORK_DIR,text
public,MARC,iuid_relevant,text
public,MARC,iuid_type,text
public,MARC,uid_iea,text
public,MARC,cons_procg,text
public,MARC,gi_pr_time,text
public,MARC,multiple_ekgrp,text
public,MARC,ref_schema,text
public,MARC,min_troc,text
public,MARC,max_troc,text
public,MARC,target_stock,text
public,MARC,/ACCGO/TRADE_REL,text
public,MARC,/ACCGO/STORE_REL,text
public,MARC,/ACCGO/ASSGD_UOM,text
public,MARC,/STTPEC/SERVALID,text
public,MARC,oitaxgrp,text
public,MARC,oioilcon,text
public,MARC,oiedcode,text
public,MARC,fdich,text
public,MARC,coeff,text
public,MARD,mandt,text
public,MARD,matnr,text
public,MARD,werks,text
public,MARD,lgort,text
public,MARD,pstat,text
public,MARD,lvorm,text
public,MARD,lfgja,text
public,MARD,lfmon,text
public,MARD,sperr,text
public,MARD,labst,text
public,MARD,umlme,text
public,MARD,insme,text
public,MARD,einme,text
public,MARD,speme,text
public,MARD,retme,text
public,MARD,vmlab,text
public,MARD,vmuml,text
public,MARD,vmins,text
public,MARD,vmein,text
public,MARD,vmspe,text
public,MARD,vmret,text
public,MARD,kzill,text
public,MARD,kzilq,text
public,MARD,kzile,text
public,MARD,kzils,text
public,MARD,kzvll,text
public,MARD,kzvlq,text
public,MARD,kzvle,text
public,MARD,kzvls,text
public,MARD,diskz,text
public,MARD,lsobs,text
public,MARD,lminb,text
public,MARD,lbstf,text
public,MARD,herkl,text
public,MARD,exppg,text
public,MARD,exver,text
public,MARD,lgpbe,text
public,MARD,klabs,text
public,MARD,kinsm,text
public,MARD,keinm,text
public,MARD,kspem,text
public,MARD,dlinl,text
public,MARD,prctl,text
public,MARD,ersda,text
public,MARD,vklab,text
public,MARD,vkuml,text
public,MARD,lwmkb,text
public,MARD,bskrf,text
public,MARD,mdrue,text
public,MARD,mdjin,text
public,MARD,fsh_salloc_qty_s,text
public,MARM,mandt,text
public,MARM,matnr,text
public,MARM,meinh,text
public,MARM,umrez,text
public,MARM,umren,text
public,MARM,eannr,text
public,MARM,ean11,text
public,MARM,numtp,text
public,MARM,laeng,text
public,MARM,breit,text
public,MARM,hoehe,text
public,MARM,meabm,text
public,MARM,volum,text
public,MARM,voleh,text
public,MARM,brgew,text
public,MARM,gewei,text
public,MARM,mesub,text
public,MARM,atinn,text
public,MARM,mesrt,text
public,MARM,xfhdw,text
public,MARM,xbeww,text
public,MARM,kzwso,text
public,MARM,msehi,text
public,MARM,bflme_marm,text
public,MARM,gtin_variant,text
public,MARM,nest_ftr,text
public,MARM,max_stack,text
public,MARM,capause,text
public,MARM,ty2tq,text
public,MARM,/STTPEC/GTIN,text
public,MARM,/STTPEC/NCODE,text
public,MARM,/STTPEC/NCODE_TY,text
public,MARM,/STTPEC/RCODE,text
public,MARM,/STTPEC/SERUSE,text
public,MARM,/STTPEC/SYNCCHG,text
public,MARM,/STTPEC/SERNO_MANAGED,text
public,MARM,/STTPEC/SERNO_PROV_BUP,text
public,MARM,/STTPEC/UOM_SYNC,text
public,MBEW,mandt,text
public,MBEW,matnr,text
public,MBEW,bwkey,text
public,MBEW,bwtar,text
public,MBEW,lvorm,text
public,MBEW,lbkum,text
public,MBEW,salk3,text
public,MBEW,vprsv,text
public,MBEW,verpr,text
public,MBEW,stprs,text
public,MBEW,peinh,text
public,MBEW,bklas,text
public,MBEW,salkv,text
public,MBEW,vmkum,text
public,MBEW,vmsal,text
public,MBEW,vmvpr,text
public,MBEW,vmver,text
public,MBEW,vmstp,text
public,MBEW,vmpei,text
public,MBEW,vmbkl,text
public,MBEW,vmsav,text
public,MBEW,vjkum,text
public,MBEW,vjsal,text
public,MBEW,vjvpr,text
public,MBEW,vjver,text
public,MBEW,vjstp,text
public,MBEW,vjpei,text
public,MBEW,vjbkl,text
public,MBEW,vjsav,text
public,MBEW,lfgja,text
public,MBEW,lfmon,text
public,MBEW,bwtty,text
public,MBEW,stprv,text
public,MBEW,laepr,text
public,MBEW,zkprs,text
public,MBEW,zkdat,text
public,MBEW,TIMESTAMP,text
public,MBEW,bwprs,text
public,MBEW,bwprh,text
public,MBEW,vjbws,text
public,MBEW,vjbwh,text
public,MBEW,vvjsl,text
public,MBEW,vvjlb,text
public,MBEW,vvmlb,text
public,MBEW,vvsal,text
public,MBEW,zplpr,text
public,MBEW,zplp1,text
public,MBEW,zplp2,text
public,MBEW,zplp3,text
public,MBEW,zpld1,text
public,MBEW,zpld2,text
public,MBEW,zpld3,text
public,MBEW,pperz,text
public,MBEW,pperl,text
public,MBEW,pperv,text
public,MBEW,kalkz,text
public,MBEW,kalkl,text
public,MBEW,kalkv,text
public,MBEW,kalsc,text
public,MBEW,xlifo,text
public,MBEW,mypol,text
public,MBEW,bwph1,text
public,MBEW,bwps1,text
public,MBEW,abwkz,text
public,MBEW,pstat,text
public,MBEW,kaln1,text
public,MBEW,kalnr,text
public,MBEW,bwva1,text
public,MBEW,bwva2,text
public,MBEW,bwva3,text
public,MBEW,vers1,text
public,MBEW,vers2,text
public,MBEW,vers3,text
public,MBEW,hrkft,text
public,MBEW,kosgr,text
public,MBEW,pprdz,text
public,MBEW,pprdl,text
public,MBEW,pprdv,text
public,MBEW,pdatz,text
public,MBEW,pdatl,text
public,MBEW,pdatv,text
public,MBEW,ekalr,text
public,MBEW,vplpr,text
public,MBEW,mlmaa,text
public,MBEW,mlast,text
public,MBEW,lplpr,text
public,MBEW,vksal,text
public,MBEW,hkmat,text
public,MBEW,sperw,text
public,MBEW,kziwl,text
public,MBEW,wlinl,text
public,MBEW,abciw,text
public,MBEW,bwspa,text
public,MBEW,lplpx,text
public,MBEW,vplpx,text
public,MBEW,fplpx,text
public,MBEW,lbwst,text
public,MBEW,vbwst,text
public,MBEW,fbwst,text
public,MBEW,eklas,text
public,MBEW,qklas,text
public,MBEW,mtuse,text
public,MBEW,mtorg,text
public,MBEW,ownpr,text
public,MBEW,xbewm,text
public,MBEW,bwpei,text
public,MBEW,mbrue,text
public,MBEW,oklas,text
public,MBEW,oippinv,text
public,MBEWH,mandt,text
public,MBEWH,matnr,text
public,MBEWH,bwkey,text
public,MBEWH,bwtar,text
public,MBEWH,lfgja,text
public,MBEWH,lfmon,text
public,MBEWH,lbkum,text
public,MBEWH,salk3,text
public,MBEWH,vprsv,text
public,MBEWH,verpr,text
public,MBEWH,stprs,text
public,MBEWH,peinh,text
public,MBEWH,bklas,text
public,MBEWH,salkv,text
public,MBEWH,vksal,text
public,MCHB,mandt,text
public,MCHB,matnr,text
public,MCHB,werks,text
public,MCHB,lgort,text
public,MCHB,charg,text
public,MCHB,lvorm,text
public,MCHB,ersda,text
public,MCHB,ernam,text
public,MCHB,laeda,text
public,MCHB,aenam,text
public,MCHB,lfgja,text
public,MCHB,lfmon,text
public,MCHB,sperc,text
public,MCHB,clabs,text
public,MCHB,cumlm,text
public,MCHB,cinsm,text
public,MCHB,ceinm,text
public,MCHB,cspem,text
public,MCHB,cretm,text
public,MCHB,cvmla,text
public,MCHB,cvmum,text
public,MCHB,cvmin,text
public,MCHB,cvmei,text
public,MCHB,cvmsp,text
public,MCHB,cvmre,text
public,MCHB,kzicl,text
public,MCHB,kzicq,text
public,MCHB,kzice,text
public,MCHB,kzics,text
public,MCHB,kzvcl,text
public,MCHB,kzvcq,text
public,MCHB,kzvce,text
public,MCHB,kzvcs,text
public,MCHB,herkl,text
public,MCHB,chdll,text
public,MCHB,chjin,text
public,MCHB,chrue,text
public,MCHB,sgt_scat,text
public,MCHB,fsh_season_year,text
public,MCHB,fsh_season,text
public,MCHB,fsh_collection,text
public,MCHB,fsh_theme,text
public,MCHB,fsh_salloc_qty,text
public,MEAN,mandt,text
public,MEAN,matnr,text
public,MEAN,meinh,text
public,MEAN,lfnum,text
public,MEAN,ean11,text
public,MEAN,eantp,text
public,MEAN,hpean,text
public,MEAN,sgt_catv,text
public,MKPF,mandt,text
public,MKPF,mblnr,text
public,MKPF,mjahr,text
public,MKPF,vgart,text
public,MKPF,blart,text
public,MKPF,blaum,text
public,MKPF,bldat,text
public,MKPF,budat,text
public,MKPF,cpudt,text
public,MKPF,cputm,text
public,MKPF,aedat,text
public,MKPF,usnam,text
public,MKPF,tcode,text
public,MKPF,xblnr,text
public,MKPF,bktxt,text
public,MKPF,frath,text
public,MKPF,frbnr,text
public,MKPF,wever,text
public,MKPF,xabln,text
public,MKPF,awsys,text
public,MKPF,bla2d,text
public,MKPF,tcode2,text
public,MKPF,bfwms,text
public,MKPF,exnum,text
public,MKPF,spe_budat_uhr,text
public,MKPF,spe_budat_zone,text
public,MKPF,le_vbeln,text
public,MKPF,spe_logsys,text
public,MKPF,spe_mdnum_ewm,text
public,MKPF,gts_cusref_no,text
public,MKPF,fls_rsto,text
public,MKPF,msr_active,text
public,MKPF,ticket_key,text
public,MKPF,knumv,text
public,MKPF,lfsnr,text
public,MKPF,oib_bltime,text
public,MLAN,mandt,text
public,MLAN,matnr,text
public,MLAN,aland,text
public,MLAN,taxm1,text
public,MLAN,taxm2,text
public,MLAN,taxm3,text
public,MLAN,taxm4,text
public,MLAN,taxm5,text
public,MLAN,taxm6,text
public,MLAN,taxm7,text
public,MLAN,taxm8,text
public,MLAN,taxm9,text
public,MLAN,taxim,text
public,MSLB,mandt,text
public,MSLB,matnr,text
public,MSLB,werks,text
public,MSLB,charg,text
public,MSLB,sobkz,text
public,MSLB,lifnr,text
public,MSLB,lfgja,text
public,MSLB,lfmon,text
public,MSLB,lbspr,text
public,MSLB,lblab,text
public,MSLB,lbins,text
public,MSLB,lbvla,text
public,MSLB,lbvin,text
public,MSLB,lbill,text
public,MSLB,lbilq,text
public,MSLB,lbvll,text
public,MSLB,lbvlq,text
public,MSLB,lbfll,text
public,MSLB,lbflq,text
public,MSLB,lbdll,text
public,MSLB,lbein,text
public,MSLB,lbvei,text
public,MSLB,ersda,text
public,MSLB,lbjin,text
public,MSLB,lbrue,text
public,MSLB,lbuml,text
public,MSLB,sgt_scat,text
public,MVKE,mandt,text
public,MVKE,matnr,text
public,MVKE,vkorg,text
public,MVKE,vtweg,text
public,MVKE,lvorm,text
public,MVKE,versg,text
public,MVKE,bonus,text
public,MVKE,provg,text
public,MVKE,sktof,text
public,MVKE,vmsta,text
public,MVKE,vmstd,text
public,MVKE,aumng,text
public,MVKE,lfmng,text
public,MVKE,efmng,text
public,MVKE,scmng,text
public,MVKE,schme,text
public,MVKE,vrkme,text
public,MVKE,mtpos,text
public,MVKE,dwerk,text
public,MVKE,prodh,text
public,MVKE,pmatn,text
public,MVKE,kondm,text
public,MVKE,ktgrm,text
public,MVKE,mvgr1,text
public,MVKE,mvgr2,text
public,MVKE,mvgr3,text
public,MVKE,mvgr4,text
public,MVKE,mvgr5,text
public,MVKE,sstuf,text
public,MVKE,pflks,text
public,MVKE,lstfl,text
public,MVKE,lstvz,text
public,MVKE,lstak,text
public,MVKE,ldvfl,text
public,MVKE,ldbfl,text
public,MVKE,ldvzl,text
public,MVKE,ldbzl,text
public,MVKE,vdvfl,text
public,MVKE,vdbfl,text
public,MVKE,vdvzl,text
public,MVKE,vdbzl,text
public,MVKE,prat1,text
public,MVKE,prat2,text
public,MVKE,prat3,text
public,MVKE,prat4,text
public,MVKE,prat5,text
public,MVKE,prat6,text
public,MVKE,prat7,text
public,MVKE,prat8,text
public,MVKE,prat9,text
public,MVKE,prata,text
public,MVKE,rdprf,text
public,MVKE,megru,text
public,MVKE,lfmax,text
public,MVKE,rjart,text
public,MVKE,pbind,text
public,MVKE,vavme,text
public,MVKE,matkc,text
public,MVKE,pvmso,text
public,MVKE,/BEV1/EMLGRP,text
public,MVKE,/BEV1/EMDRCKSPL,text
public,MVKE,/BEV1/RPBEZME,text
public,MVKE,/BEV1/RPSNS,text
public,MVKE,/BEV1/RPSFA,text
public,MVKE,/BEV1/RPSKI,text
public,MVKE,/BEV1/RPSCO,text
public,MVKE,/BEV1/RPSSO,text
public,MVKE,plgtp,text
public,RBKP,mandt,text
public,RBKP,belnr,text
public,RBKP,gjahr,text
public,RBKP,blart,text
public,RBKP,bldat,text
public,RBKP,budat,text
public,RBKP,usnam,text
public,RBKP,tcode,text
public,RBKP,cpudt,text
public,RBKP,cputm,text
public,RBKP,vgart,text
public,RBKP,xblnr,text
public,RBKP,bukrs,text
public,RBKP,lifnr,text
public,RBKP,waers,text
public,RBKP,kursf,text
public,RBKP,rmwwr,text
public,RBKP,beznk,text
public,RBKP,wmwst1,text
public,RBKP,mwskz1,text
public,RBKP,wmwst2,text
public,RBKP,mwskz2,text
public,RBKP,zterm,text
public,RBKP,zbd1t,text
public,RBKP,zbd1p,text
public,RBKP,zbd2t,text
public,RBKP,zbd2p,text
public,RBKP,zbd3t,text
public,RBKP,wskto,text
public,RBKP,xrech,text
public,RBKP,bktxt,text
public,RBKP,saprl,text
public,RBKP,logsys,text
public,RBKP,xmwst,text
public,RBKP,stblg,text
public,RBKP,stjah,text
public,RBKP,mwskz_bnk,text
public,RBKP,txjcd_bnk,text
public,RBKP,ivtyp,text
public,RBKP,xrbtx,text
public,RBKP,repart,text
public,RBKP,rbstat,text
public,RBKP,knumve,text
public,RBKP,knumvl,text
public,RBKP,arkuen,text
public,RBKP,arkuemw,text
public,RBKP,makzn,text
public,RBKP,makzmw,text
public,RBKP,lieffn,text
public,RBKP,lieffmw,text
public,RBKP,xautakz,text
public,RBKP,esrnr,text
public,RBKP,esrpz,text
public,RBKP,esrre,text
public,RBKP,qsshb,text
public,RBKP,qsfbt,text
public,RBKP,qsskz,text
public,RBKP,diekz,text
public,RBKP,landl,text
public,RBKP,lzbkz,text
public,RBKP,txkrs,text
public,RBKP,ctxkrs,text
public,RBKP,empfb,text
public,RBKP,bvtyp,text
public,RBKP,hbkid,text
public,RBKP,zuonr,text
public,RBKP,zlspr,text
public,RBKP,zlsch,text
public,RBKP,zfbdt,text
public,RBKP,kidno,text
public,RBKP,rebzg,text
public,RBKP,rebzj,text
public,RBKP,xinve,text
public,RBKP,egmld,text
public,RBKP,xegdr,text
public,RBKP,vatdate,text
public,RBKP,hkont,text
public,RBKP,j_1bnftype,text
public,RBKP,brnch,text
public,RBKP,erfpr,text
public,RBKP,secco,text
public,RBKP,name1,text
public,RBKP,name2,text
public,RBKP,name3,text
public,RBKP,name4,text
public,RBKP,pstlz,text
public,RBKP,ort01,text
public,RBKP,land1,text
public,RBKP,stras,text
public,RBKP,pfach,text
public,RBKP,pstl2,text
public,RBKP,pskto,text
public,RBKP,bankn,text
public,RBKP,bankl,text
public,RBKP,banks,text
public,RBKP,stcd1,text
public,RBKP,stcd2,text
public,RBKP,stkzu,text
public,RBKP,stkza,text
public,RBKP,regio,text
public,RBKP,bkont,text
public,RBKP,dtaws,text
public,RBKP,dtams,text
public,RBKP,spras,text
public,RBKP,xcpdk,text
public,RBKP,empfg,text
public,RBKP,fityp,text
public,RBKP,stcdt,text
public,RBKP,stkzn,text
public,RBKP,stcd3,text
public,RBKP,stcd4,text
public,RBKP,bkref,text
public,RBKP,j_1kfrepre,text
public,RBKP,j_1kftbus,text
public,RBKP,j_1kftind,text
public,RBKP,anred,text
public,RBKP,stceg,text
public,RBKP,ername,text
public,RBKP,reindat,text
public,RBKP,uzawe,text
public,RBKP,fdlev,text
public,RBKP,fdtag,text
public,RBKP,zbfix,text
public,RBKP,frgkz,text
public,RBKP,erfnam,text
public,RBKP,bupla,text
public,RBKP,filkd,text
public,RBKP,gsber,text
public,RBKP,lotkz,text
public,RBKP,sgtxt,text
public,RBKP,inv_tran,text
public,RBKP,prepay_status,text
public,RBKP,prepay_awkey,text
public,RBKP,assign_status,text
public,RBKP,assign_next_date,text
public,RBKP,assign_end_date,text
public,RBKP,copy_by_belnr,text
public,RBKP,copy_by_year,text
public,RBKP,copy_to_belnr,text
public,RBKP,copy_to_year,text
public,RBKP,copy_user,text
public,RBKP,kursx,text
public,RBKP,wwert,text
public,RBKP,xref3,text
public,RBKP,j_1tpbupl,text
public,RBKP,gst_part,text
public,RBKP,plc_sup,text
public,RBKP,pybastyp,text
public,RBKP,pybasno,text
public,RBKP,pybasdat,text
public,RBKP,pyiban,text
public,RBKP,inwardno_hd,text
public,RBKP,inwarddt_hd,text
public,RESB,mandt,text
public,RESB,rsnum,text
public,RESB,rspos,text
public,RESB,rsart,text
public,RESB,bdart,text
public,RESB,rssta,text
public,RESB,xloek,text
public,RESB,xwaok,text
public,RESB,kzear,text
public,RESB,xfehl,text
public,RESB,matnr,text
public,RESB,werks,text
public,RESB,lgort,text
public,RESB,prvbe,text
public,RESB,charg,text
public,RESB,plpla,text
public,RESB,sobkz,text
public,RESB,bdter,text
public,RESB,bdmng,text
public,RESB,meins,text
public,RESB,shkzg,text
public,RESB,fmeng,text
public,RESB,enmng,text
public,RESB,enwrt,text
public,RESB,waers,text
public,RESB,erfmg,text
public,RESB,erfme,text
public,RESB,plnum,text
public,RESB,banfn,text
public,RESB,bnfpo,text
public,RESB,aufnr,text
public,RESB,baugr,text
public,RESB,sernr,text
public,RESB,kdauf,text
public,RESB,kdpos,text
public,RESB,kdein,text
public,RESB,projn,text
public,RESB,bwart,text
public,RESB,saknr,text
public,RESB,gsber,text
public,RESB,umwrk,text
public,RESB,umlgo,text
public,RESB,nafkz,text
public,RESB,nomat,text
public,RESB,nomng,text
public,RESB,postp,text
public,RESB,posnr,text
public,RESB,roms1,text
public,RESB,roms2,text
public,RESB,roms3,text
public,RESB,romei,text
public,RESB,romen,text
public,RESB,sgtxt,text
public,RESB,lmeng,text
public,RESB,rohps,text
public,RESB,rform,text
public,RESB,roanz,text
public,RESB,flmng,text
public,RESB,stlty,text
public,RESB,stlnr,text
public,RESB,stlkn,text
public,RESB,stpoz,text
public,RESB,ltxsp,text
public,RESB,potx1,text
public,RESB,potx2,text
public,RESB,sanka,text
public,RESB,alpos,text
public,RESB,ewahr,text
public,RESB,ausch,text
public,RESB,avoau,text
public,RESB,netau,text
public,RESB,nlfzt,text
public,RESB,aennr,text
public,RESB,umrez,text
public,RESB,umren,text
public,RESB,sortf,text
public,RESB,sbter,text
public,RESB,verti,text
public,RESB,schgt,text
public,RESB,upskz,text
public,RESB,dbskz,text
public,RESB,txtps,text
public,RESB,dumps,text
public,RESB,beikz,text
public,RESB,erskz,text
public,RESB,aufst,text
public,RESB,aufwg,text
public,RESB,baust,text
public,RESB,bauwg,text
public,RESB,aufps,text
public,RESB,ebeln,text
public,RESB,ebelp,text
public,RESB,ebele,text
public,RESB,knttp,text
public,RESB,kzvbr,text
public,RESB,pspel,text
public,RESB,aufpl,text
public,RESB,plnfl,text
public,RESB,vornr,text
public,RESB,aplzl,text
public,RESB,objnr,text
public,RESB,flgat,text
public,RESB,gpreis,text
public,RESB,fpreis,text
public,RESB,peinh,text
public,RESB,rgekz,text
public,RESB,ekgrp,text
public,RESB,rokme,text
public,RESB,zumei,text
public,RESB,zums1,text
public,RESB,zums2,text
public,RESB,zums3,text
public,RESB,zudiv,text
public,RESB,vmeng,text
public,RESB,prreg,text
public,RESB,lifzt,text
public,RESB,cuobj,text
public,RESB,kfpos,text
public,RESB,revlv,text
public,RESB,berkz,text
public,RESB,lgnum,text
public,RESB,lgtyp,text
public,RESB,lgpla,text
public,RESB,tbmng,text
public,RESB,nptxtky,text
public,RESB,kbnkz,text
public,RESB,kzkup,text
public,RESB,afpos,text
public,RESB,no_disp,text
public,RESB,bdztp,text
public,RESB,esmng,text
public,RESB,alpgr,text
public,RESB,alprf,text
public,RESB,alpst,text
public,RESB,kzaus,text
public,RESB,nfeag,text
public,RESB,nfpkz,text
public,RESB,nfgrp,text
public,RESB,nfuml,text
public,RESB,adrnr,text
public,RESB,chobj,text
public,RESB,splkz,text
public,RESB,splrv,text
public,RESB,knumh,text
public,RESB,wempf,text
public,RESB,ablad,text
public,RESB,hkmat,text
public,RESB,hrkft,text
public,RESB,vorab,text
public,RESB,matkl,text
public,RESB,frunv,text
public,RESB,clakz,text
public,RESB,inpos,text
public,RESB,webaz,text
public,RESB,lifnr,text
public,RESB,flgex,text
public,RESB,funct,text
public,RESB,gpreis_2,text
public,RESB,fpreis_2,text
public,RESB,peinh_2,text
public,RESB,infnr,text
public,RESB,kzech,text
public,RESB,kzmpf,text
public,RESB,stlal,text
public,RESB,pbdnr,text
public,RESB,stvkn,text
public,RESB,ktoma,text
public,RESB,vrpla,text
public,RESB,kzbws,text
public,RESB,nlfzv,text
public,RESB,nlfmv,text
public,RESB,techs,text
public,RESB,objtype,text
public,RESB,ch_proc,text
public,RESB,fxpru,text
public,RESB,umsok,text
public,RESB,vorab_sm,text
public,RESB,fipos,text
public,RESB,fipex,text
public,RESB,fistl,text
public,RESB,geber,text
public,RESB,grant_nbr,text
public,RESB,fkber,text
public,RESB,prio_urg,text
public,RESB,prio_req,text
public,RESB,kblnr,text
public,RESB,kblpos,text
public,RESB,budget_pd,text
public,RESB,sc_object_id,text
public,RESB,sc_itm_no,text
public,RESB,sgt_scat,text
public,RESB,sgt_rcat,text
public,RESB,fmfgus_key,text
public,RESB,advcode,text
public,RESB,fsh_ralloc_qty,text
public,RESB,fsh_critical_comp,text
public,RESB,fsh_critical_level,text
public,RESB,wty_ind,text
public,RESB,r_part_indicator,text
public,RESB,wtysc_clmitem,text
public,RSEG,mandt,text
public,RSEG,belnr,text
public,RSEG,gjahr,text
public,RSEG,buzei,text
public,RSEG,ebeln,text
public,RSEG,ebelp,text
public,RSEG,zekkn,text
public,RSEG,matnr,text
public,RSEG,bwkey,text
public,RSEG,bwtar,text
public,RSEG,bukrs,text
public,RSEG,werks,text
public,RSEG,wrbtr,text
public,RSEG,shkzg,text
public,RSEG,mwskz,text
public,RSEG,txjcd,text
public,RSEG,menge,text
public,RSEG,bstme,text
public,RSEG,bpmng,text
public,RSEG,bprme,text
public,RSEG,lbkum,text
public,RSEG,vrkum,text
public,RSEG,meins,text
public,RSEG,pstyp,text
public,RSEG,knttp,text
public,RSEG,bklas,text
public,RSEG,erekz,text
public,RSEG,exkbe,text
public,RSEG,xekbz,text
public,RSEG,tbtkz,text
public,RSEG,spgrp,text
public,RSEG,spgrm,text
public,RSEG,spgrt,text
public,RSEG,spgrg,text
public,RSEG,spgrv,text
public,RSEG,spgrq,text
public,RSEG,spgrs,text
public,RSEG,spgrc,text
public,RSEG,spgrext,text
public,RSEG,bustw,text
public,RSEG,xblnr,text
public,RSEG,xrueb,text
public,RSEG,bnkan,text
public,RSEG,kschl,text
public,RSEG,salk3,text
public,RSEG,vmsal,text
public,RSEG,xlifo,text
public,RSEG,lfbnr,text
public,RSEG,lfgja,text
public,RSEG,lfpos,text
public,RSEG,matbf,text
public,RSEG,rbmng,text
public,RSEG,bprbm,text
public,RSEG,rbwwr,text
public,RSEG,lfehl,text
public,RSEG,gricd,text
public,RSEG,grirg,text
public,RSEG,gityp,text
public,RSEG,packno,text
public,RSEG,introw,text
public,RSEG,sgtxt,text
public,RSEG,xskrl,text
public,RSEG,kzmek,text
public,RSEG,mrmok,text
public,RSEG,stunr,text
public,RSEG,zaehk,text
public,RSEG,stock_posting,text
public,RSEG,stock_posting_pp,text
public,RSEG,stock_posting_py,text
public,RSEG,werec,text
public,RSEG,lifnr,text
public,RSEG,frbnr,text
public,RSEG,xhistma,text
public,RSEG,complaint_reason,text
public,RSEG,retamt_fc,text
public,RSEG,retpc,text
public,RSEG,retduedt,text
public,RSEG,xrettaxnet,text
public,RSEG,re_account,text
public,RSEG,erp_contract_id,text
public,RSEG,erp_contract_itm,text
public,RSEG,srm_contract_id,text
public,RSEG,srm_contract_itm,text
public,RSEG,cont_pstyp,text
public,RSEG,srvmapkey,text
public,RSEG,charg,text
public,RSEG,inv_itm_origin,text
public,RSEG,invrel,text
public,RSEG,xdinv,text
public,RSEG,diff_amount,text
public,RSEG,xcprf,text
public,RSEG,fsh_season_year,text
public,RSEG,fsh_season,text
public,RSEG,fsh_collection,text
public,RSEG,fsh_theme,text
public,RSEG,hsn_sac,text
public,RSEG,customs_val,text
public,RSEG,licno,text
public,RSEG,zeile,text
public,RSEG,sgt_scat,text
public,RSEG,wrf_charstc1,text
public,RSEG,wrf_charstc2,text
public,RSEG,wrf_charstc3,text
public,STKO,mandt,text
public,STKO,stlty,text
public,STKO,stlnr,text
public,STKO,stlal,text
public,STKO,stkoz,text
public,STKO,datuv,text
public,STKO,techv,text
public,STKO,aennr,text
public,STKO,lkenz,text
public,STKO,loekz,text
public,STKO,vgkzl,text
public,STKO,andat,text
public,STKO,annam,text
public,STKO,aedat,text
public,STKO,aenam,text
public,STKO,bmein,text
public,STKO,bmeng,text
public,STKO,cadkz,text
public,STKO,labor,text
public,STKO,ltxsp,text
public,STKO,stktx,text
public,STKO,stlst,text
public,STKO,wrkan,text
public,STKO,dvdat,text
public,STKO,dvnam,text
public,STKO,aehlp,text
public,STKO,alekz,text
public,STKO,guidx,text
public,STKO,valid_to,text
public,STKO,valid_to_rkey,text
public,STKO,ecn_to,text
public,STKO,ecn_to_rkey,text
public,STPO,mandt,text
public,STPO,stlty,text
public,STPO,stlnr,text
public,STPO,stlkn,text
public,STPO,stpoz,text
public,STPO,datuv,text
public,STPO,techv,text
public,STPO,aennr,text
public,STPO,lkenz,text
public,STPO,vgknt,text
public,STPO,vgpzl,text
public,STPO,andat,text
public,STPO,annam,text
public,STPO,aedat,text
public,STPO,aenam,text
public,STPO,idnrk,text
public,STPO,pswrk,text
public,STPO,postp,text
public,STPO,posnr,text
public,STPO,sortf,text
public,STPO,meins,text
public,STPO,menge,text
public,STPO,fmeng,text
public,STPO,ausch,text
public,STPO,avoau,text
public,STPO,netau,text
public,STPO,schgt,text
public,STPO,beikz,text
public,STPO,erskz,text
public,STPO,rvrel,text
public,STPO,sanfe,text
public,STPO,sanin,text
public,STPO,sanka,text
public,STPO,sanko,text
public,STPO,sanvs,text
public,STPO,stkkz,text
public,STPO,rekri,text
public,STPO,rekrs,text
public,STPO,cadpo,text
public,STPO,nfmat,text
public,STPO,nlfzt,text
public,STPO,verti,text
public,STPO,alpos,text
public,STPO,ewahr,text
public,STPO,ekgrp,text
public,STPO,lifzt,text
public,STPO,lifnr,text
public,STPO,preis,text
public,STPO,peinh,text
public,STPO,waers,text
public,STPO,sakto,text
public,STPO,roanz,text
public,STPO,roms1,text
public,STPO,roms2,text
public,STPO,roms3,text
public,STPO,romei,text
public,STPO,romen,text
public,STPO,rform,text
public,STPO,upskz,text
public,STPO,valkz,text
public,STPO,ltxsp,text
public,STPO,potx1,text
public,STPO,potx2,text
public,STPO,objty,text
public,STPO,matkl,text
public,STPO,webaz,text
public,STPO,dokar,text
public,STPO,doknr,text
public,STPO,dokvr,text
public,STPO,doktl,text
public,STPO,csstr,text
public,STPO,class,text
public,STPO,klart,text
public,STPO,potpr,text
public,STPO,awakz,text
public,STPO,inskz,text
public,STPO,vcekz,text
public,STPO,vstkz,text
public,STPO,vackz,text
public,STPO,ekorg,text
public,STPO,clobk,text
public,STPO,clmul,text
public,STPO,clalt,text
public,STPO,cview,text
public,STPO,knobj,text
public,STPO,lgort,text
public,STPO,kzkup,text
public,STPO,intrm,text
public,STPO,tpekz,text
public,STPO,stvkn,text
public,STPO,dvdat,text
public,STPO,dvnam,text
public,STPO,dspst,text
public,STPO,alpst,text
public,STPO,alprf,text
public,STPO,alpgr,text
public,STPO,kznfp,text
public,STPO,nfgrp,text
public,STPO,nfeag,text
public,STPO,kndvb,text
public,STPO,kndbz,text
public,STPO,kstty,text
public,STPO,kstnr,text
public,STPO,kstkn,text
public,STPO,kstpz,text
public,STPO,clszu,text
public,STPO,kzclb,text
public,STPO,aehlp,text
public,STPO,prvbe,text
public,STPO,nlfzv,text
public,STPO,nlfmv,text
public,STPO,idpos,text
public,STPO,idhis,text
public,STPO,idvar,text
public,STPO,alekz,text
public,STPO,itmid,text
public,STPO,guid,text
public,STPO,itsob,text
public,STPO,rfpnt,text
public,STPO,guidx,text
public,STPO,sgt_cmkz,text
public,STPO,sgt_catv,text
public,STPO,valid_to,text
public,STPO,valid_to_rkey,text
public,STPO,ecn_to,text
public,STPO,ecn_to_rkey,text
public,STPO,cufactor,text
public,STPO,fsh_vmkz,text
public,STPO,fsh_pgqr,text
public,STPO,fsh_pgqrrf,text
public,STPO,fsh_critical_comp,text
public,STPO,fsh_critical_level,text
public,STPO,funcid,text
public,T016T,brsch,character varying
public,T016T,brtxt,character varying
public,TCKH1,mandt,text
public,TCKH1,spras,text
public,TCKH1,elehk,text
public,TCKH1,elemt,text
public,TCKH1,txele,text
public,TCKH2,mandt,text
public,TCKH2,ktopl,text
public,TCKH2,elehk,text
public,TCKH2,kstav,text
public,TCKH2,hrkft,text
public,TCKH2,abkat,text
public,TCKH2,kstab,text
public,TCKH2,elemt,text
public,VBAK,mandt,text
public,VBAK,vbeln,text
public,VBAK,erdat,text
public,VBAK,erzet,text
public,VBAK,ernam,text
public,VBAK,angdt,text
public,VBAK,bnddt,text
public,VBAK,audat,text
public,VBAK,vbtyp,text
public,VBAK,trvog,text
public,VBAK,auart,text
public,VBAK,augru,text
public,VBAK,gwldt,text
public,VBAK,submi,text
public,VBAK,lifsk,text
public,VBAK,faksk,text
public,VBAK,netwr,text
public,VBAK,waerk,text
public,VBAK,vkorg,text
public,VBAK,vtweg,text
public,VBAK,spart,text
public,VBAK,vkgrp,text
public,VBAK,vkbur,text
public,VBAK,gsber,text
public,VBAK,gskst,text
public,VBAK,guebg,text
public,VBAK,gueen,text
public,VBAK,knumv,text
public,VBAK,vdatu,text
public,VBAK,vprgr,text
public,VBAK,autlf,text
public,VBAK,vbkla,text
public,VBAK,vbklt,text
public,VBAK,kalsm,text
public,VBAK,vsbed,text
public,VBAK,fkara,text
public,VBAK,awahr,text
public,VBAK,ktext,text
public,VBAK,bstnk,text
public,VBAK,bsark,text
public,VBAK,bstdk,text
public,VBAK,bstzd,text
public,VBAK,ihrez,text
public,VBAK,bname,text
public,VBAK,telf1,text
public,VBAK,mahza,text
public,VBAK,mahdt,text
public,VBAK,kunnr,text
public,VBAK,kostl,text
public,VBAK,stafo,text
public,VBAK,stwae,text
public,VBAK,aedat,text
public,VBAK,kvgr1,text
public,VBAK,kvgr2,text
public,VBAK,kvgr3,text
public,VBAK,kvgr4,text
public,VBAK,kvgr5,text
public,VBAK,knuma,text
public,VBAK,kokrs,text
public,VBAK,ps_psp_pnr,text
public,VBAK,kurst,text
public,VBAK,kkber,text
public,VBAK,knkli,text
public,VBAK,grupp,text
public,VBAK,sbgrp,text
public,VBAK,ctlpc,text
public,VBAK,cmwae,text
public,VBAK,cmfre,text
public,VBAK,cmnup,text
public,VBAK,cmngv,text
public,VBAK,amtbl,text
public,VBAK,hityp_pr,text
public,VBAK,abrvw,text
public,VBAK,abdis,text
public,VBAK,vgbel,text
public,VBAK,objnr,text
public,VBAK,bukrs_vf,text
public,VBAK,taxk1,text
public,VBAK,taxk2,text
public,VBAK,taxk3,text
public,VBAK,taxk4,text
public,VBAK,taxk5,text
public,VBAK,taxk6,text
public,VBAK,taxk7,text
public,VBAK,taxk8,text
public,VBAK,taxk9,text
public,VBAK,xblnr,text
public,VBAK,zuonr,text
public,VBAK,vgtyp,text
public,VBAK,kalsm_ch,text
public,VBAK,agrzr,text
public,VBAK,aufnr,text
public,VBAK,qmnum,text
public,VBAK,vbeln_grp,text
public,VBAK,scheme_grp,text
public,VBAK,abruf_part,text
public,VBAK,abhod,text
public,VBAK,abhov,text
public,VBAK,abhob,text
public,VBAK,rplnr,text
public,VBAK,vzeit,text
public,VBAK,stceg_l,text
public,VBAK,landtx,text
public,VBAK,xegdr,text
public,VBAK,enqueue_grp,text
public,VBAK,dat_fzau,text
public,VBAK,fmbdat,text
public,VBAK,vsnmr_v,text
public,VBAK,handle,text
public,VBAK,proli,text
public,VBAK,cont_dg,text
public,VBAK,crm_guid,text
public,VBAK,upd_tmstmp,text
public,VBAK,msr_id,text
public,VBAK,tm_ctrl_key,text
public,VBAK,handoverloc,text
public,VBAK,_dataaging,text
public,VBAK,/XLSO/SO_VALD_FM,text
public,VBAK,/XLSO/SO_VALD_TO,text
public,VBAK,/XLSO/PAYMENT_OP,text
public,VBAK,/XLSO/TRANS_CTXT,text
public,VBAK,/XLSO/CATALOG_ID,text
public,VBAK,/XLSO/VARIANT_ID,text
public,VBAK,psm_budat,text
public,VBAK,fsh_kvgr6,text
public,VBAK,fsh_kvgr7,text
public,VBAK,fsh_kvgr8,text
public,VBAK,fsh_kvgr9,text
public,VBAK,fsh_kvgr10,text
public,VBAK,fsh_rereg,text
public,VBAK,fsh_cq_check,text
public,VBAK,fsh_vrsn_status,text
public,VBAK,fsh_transaction,text
public,VBAK,fsh_vas_cg,text
public,VBAK,fsh_candate,text
public,VBAK,fsh_ss,text
public,VBAK,fsh_os_stg_change,text
public,VBAK,swenr,text
public,VBAK,smenr,text
public,VBAK,phase,text
public,VBAK,mtlaur,text
public,VBAK,stage,text
public,VBAK,hb_cont_reason,text
public,VBAK,hb_expdate,text
public,VBAK,hb_resdate,text
public,VBAK,mill_appl_id,text
public,VBAK,tas,text
public,VBAK,betc,text
public,VBAK,mod_allow,text
public,VBAK,cancel_allow,text
public,VBAK,pay_method,text
public,VBAK,bpn,text
public,VBAK,rep_freq,text
public,VBAK,logsysb,text
public,VBAK,kalcd,text
public,VBAK,multi,text
public,VBAK,sppaym,text
public,VBAK,wtysc_clm_hdr,text
public,VBAP,mandt,text
public,VBAP,vbeln,text
public,VBAP,posnr,text
public,VBAP,matnr,text
public,VBAP,matwa,text
public,VBAP,pmatn,text
public,VBAP,charg,text
public,VBAP,matkl,text
public,VBAP,arktx,text
public,VBAP,pstyv,text
public,VBAP,posar,text
public,VBAP,lfrel,text
public,VBAP,fkrel,text
public,VBAP,uepos,text
public,VBAP,grpos,text
public,VBAP,abgru,text
public,VBAP,prodh,text
public,VBAP,zwert,text
public,VBAP,zmeng,text
public,VBAP,zieme,text
public,VBAP,umziz,text
public,VBAP,umzin,text
public,VBAP,meins,text
public,VBAP,smeng,text
public,VBAP,ablfz,text
public,VBAP,abdat,text
public,VBAP,absfz,text
public,VBAP,posex,text
public,VBAP,kdmat,text
public,VBAP,kbver,text
public,VBAP,kever,text
public,VBAP,vkgru,text
public,VBAP,vkaus,text
public,VBAP,grkor,text
public,VBAP,fmeng,text
public,VBAP,uebtk,text
public,VBAP,uebto,text
public,VBAP,untto,text
public,VBAP,faksp,text
public,VBAP,atpkz,text
public,VBAP,rkfkf,text
public,VBAP,spart,text
public,VBAP,gsber,text
public,VBAP,netwr,text
public,VBAP,waerk,text
public,VBAP,antlf,text
public,VBAP,kztlf,text
public,VBAP,chspl,text
public,VBAP,kwmeng,text
public,VBAP,lsmeng,text
public,VBAP,kbmeng,text
public,VBAP,klmeng,text
public,VBAP,vrkme,text
public,VBAP,umvkz,text
public,VBAP,umvkn,text
public,VBAP,brgew,text
public,VBAP,ntgew,text
public,VBAP,gewei,text
public,VBAP,volum,text
public,VBAP,voleh,text
public,VBAP,vbelv,text
public,VBAP,posnv,text
public,VBAP,vgbel,text
public,VBAP,vgpos,text
public,VBAP,voref,text
public,VBAP,upflu,text
public,VBAP,erlre,text
public,VBAP,lprio,text
public,VBAP,werks,text
public,VBAP,lgort,text
public,VBAP,vstel,text
public,VBAP,route,text
public,VBAP,stkey,text
public,VBAP,stdat,text
public,VBAP,stlnr,text
public,VBAP,stpos,text
public,VBAP,awahr,text
public,VBAP,erdat,text
public,VBAP,ernam,text
public,VBAP,erzet,text
public,VBAP,taxm1,text
public,VBAP,taxm2,text
public,VBAP,taxm3,text
public,VBAP,taxm4,text
public,VBAP,taxm5,text
public,VBAP,taxm6,text
public,VBAP,taxm7,text
public,VBAP,taxm8,text
public,VBAP,taxm9,text
public,VBAP,vbeaf,text
public,VBAP,vbeav,text
public,VBAP,vgref,text
public,VBAP,netpr,text
public,VBAP,kpein,text
public,VBAP,kmein,text
public,VBAP,shkzg,text
public,VBAP,sktof,text
public,VBAP,mtvfp,text
public,VBAP,sumbd,text
public,VBAP,kondm,text
public,VBAP,ktgrm,text
public,VBAP,bonus,text
public,VBAP,provg,text
public,VBAP,eannr,text
public,VBAP,prsok,text
public,VBAP,bwtar,text
public,VBAP,bwtex,text
public,VBAP,xchpf,text
public,VBAP,xchar,text
public,VBAP,lfmng,text
public,VBAP,stafo,text
public,VBAP,wavwr,text
public,VBAP,kzwi1,text
public,VBAP,kzwi2,text
public,VBAP,kzwi3,text
public,VBAP,kzwi4,text
public,VBAP,kzwi5,text
public,VBAP,kzwi6,text
public,VBAP,stcur,text
public,VBAP,aedat,text
public,VBAP,ean11,text
public,VBAP,fixmg,text
public,VBAP,prctr,text
public,VBAP,mvgr1,text
public,VBAP,mvgr2,text
public,VBAP,mvgr3,text
public,VBAP,mvgr4,text
public,VBAP,mvgr5,text
public,VBAP,kmpmg,text
public,VBAP,sugrd,text
public,VBAP,sobkz,text
public,VBAP,vpzuo,text
public,VBAP,paobjnr,text
public,VBAP,ps_psp_pnr,text
public,VBAP,aufnr,text
public,VBAP,vpmat,text
public,VBAP,vpwrk,text
public,VBAP,prbme,text
public,VBAP,umref,text
public,VBAP,knttp,text
public,VBAP,kzvbr,text
public,VBAP,sernr,text
public,VBAP,objnr,text
public,VBAP,abgrs,text
public,VBAP,bedae,text
public,VBAP,cmpre,text
public,VBAP,cmtfg,text
public,VBAP,cmpnt,text
public,VBAP,cmkua,text
public,VBAP,cuobj,text
public,VBAP,cuobj_ch,text
public,VBAP,cepok,text
public,VBAP,koupd,text
public,VBAP,serail,text
public,VBAP,anzsn,text
public,VBAP,nachl,text
public,VBAP,magrv,text
public,VBAP,mprok,text
public,VBAP,vgtyp,text
public,VBAP,prosa,text
public,VBAP,uepvw,text
public,VBAP,kalnr,text
public,VBAP,klvar,text
public,VBAP,sposn,text
public,VBAP,kowrr,text
public,VBAP,stadat,text
public,VBAP,exart,text
public,VBAP,prefe,text
public,VBAP,knumh,text
public,VBAP,clint,text
public,VBAP,chmvs,text
public,VBAP,stlty,text
public,VBAP,stlkn,text
public,VBAP,stpoz,text
public,VBAP,stman,text
public,VBAP,zschl_k,text
public,VBAP,kalsm_k,text
public,VBAP,kalvar,text
public,VBAP,kosch,text
public,VBAP,upmat,text
public,VBAP,ukonm,text
public,VBAP,mfrgr,text
public,VBAP,plavo,text
public,VBAP,kannr,text
public,VBAP,cmpre_flt,text
public,VBAP,abfor,text
public,VBAP,abges,text
public,VBAP,j_1bcfop,text
public,VBAP,j_1btaxlw1,text
public,VBAP,j_1btaxlw2,text
public,VBAP,j_1btxsdc,text
public,VBAP,wktnr,text
public,VBAP,wktps,text
public,VBAP,skopf,text
public,VBAP,kzbws,text
public,VBAP,wgru1,text
public,VBAP,wgru2,text
public,VBAP,knuma_pi,text
public,VBAP,knuma_ag,text
public,VBAP,kzfme,text
public,VBAP,lstanr,text
public,VBAP,techs,text
public,VBAP,mwsbp,text
public,VBAP,berid,text
public,VBAP,pctrf,text
public,VBAP,logsys_ext,text
public,VBAP,j_1btaxlw3,text
public,VBAP,j_1btaxlw4,text
public,VBAP,j_1btaxlw5,text
public,VBAP,stockloc,text
public,VBAP,sloctype,text
public,VBAP,msr_ret_reason,text
public,VBAP,msr_refund_code,text
public,VBAP,msr_approv_block,text
public,VBAP,nrab_knumh,text
public,VBAP,trmrisk_relevant,text
public,VBAP,sgt_rcat,text
public,VBAP,handoverloc,text
public,VBAP,handoverdate,text
public,VBAP,handovertime,text
public,VBAP,z_prs_offshore,text
public,VBAP,z_prs_bill_flag,text
public,VBAP,z_prs_country,text
public,VBAP,z_prs_chargelevl,text
public,VBAP,tc_aut_det,text
public,VBAP,manual_tc_reason,text
public,VBAP,fiscal_incentive,text
public,VBAP,tax_subject_st,text
public,VBAP,fiscal_incentive_id,text
public,VBAP,spcsto,text
public,VBAP,_dataaging,text
public,VBAP,REVACC_REFID,text
public,VBAP,REVACC_REFTYPE,text
public,VBAP,/ACCGO/IS_CO_REL,text
public,VBAP,/ACCGO/TX_P,text
public,VBAP,/BEV1/SRFUND,text
public,VBAP,CPD_UPDAT,text
public,VBAP,AUFPL_OLC,text
public,VBAP,APLZL_OLC,text
public,VBAP,/SLCE/INST_GUID,text
public,VBAP,/SLCE/SOL_MATNR,text
public,VBAP,/SLCE/SOL_POSNR,text
public,VBAP,/SLCE/SOL_CUOBJ,text
public,VBAP,/SLCE/SOL_EXT_GUID,text
public,VBAP,/SLCE/SINGLE_CONF_REQIRED,text
public,VBAP,/SLCE/SINGLE_CONF_DONE,text
public,VBAP,/XLSO/COURSE_ID,text
public,VBAP,/XLSO/COURSE_BDA,text
public,VBAP,/XLSO/COURSE_EDA,text
public,VBAP,ferc_ind,text
public,VBAP,fsh_season_year,text
public,VBAP,fsh_season,text
public,VBAP,fsh_collection,text
public,VBAP,fsh_theme,text
public,VBAP,fsh_crsd,text
public,VBAP,fsh_searef,text
public,VBAP,fsh_candate,text
public,VBAP,fsh_psm_pfm_split,text
public,VBAP,fsh_vas_rel,text
public,VBAP,fsh_vas_prnt_id,text
public,VBAP,fsh_transaction,text
public,VBAP,fsh_item_group,text
public,VBAP,fsh_item,text
public,VBAP,fsh_vasref,text
public,VBAP,fsh_grid_cond_rec,text
public,VBAP,fsh_pqr_uepos,text
public,VBAP,kostl,text
public,VBAP,fonds,text
public,VBAP,fistl,text
public,VBAP,fkber,text
public,VBAP,grant_nbr,text
public,VBAP,budget_pd,text
public,VBAP,iuid_relevant,text
public,VBAP,mill_se_gposn,text
public,VBAP,oid_extbol,text
public,VBAP,oid_miscdl,text
public,VBAP,oiplantd,text
public,VBAP,oibypass,text
public,VBAP,oiedok,text
public,VBAP,cmeth,text
public,VBAP,oitaxfrom,text
public,VBAP,oihantyp,text
public,VBAP,oitaxgrp,text
public,VBAP,oitaxto,text
public,VBAP,oicertf1,text
public,VBAP,oioilcon,text
public,VBAP,oiedbal,text
public,VBAP,oipricie,text
public,VBAP,oiinex,text
public,VBAP,oiedbalm,text
public,VBAP,oidrc,text
public,VBAP,oic_drctry,text
public,VBAP,oic_drcreg,text
public,VBAP,oimetind,text
public,VBAP,oiwap,text
public,VBAP,oislf,text
public,VBAP,oipsdrc,text
public,VBAP,oipipeval,text
public,VBAP,oic_lifnr,text
public,VBAP,oic_dcityc,text
public,VBAP,oic_dcounc,text
public,VBAP,oic_dregio,text
public,VBAP,oic_dland1,text
public,VBAP,oic_ocityc,text
public,VBAP,oic_ocounc,text
public,VBAP,oic_oregio,text
public,VBAP,oic_oland1,text
public,VBAP,oic_porgin,text
public,VBAP,oic_pdestn,text
public,VBAP,oic_ptrip,text
public,VBAP,oic_pbatch,text
public,VBAP,oic_mot,text
public,VBAP,oic_aorgin,text
public,VBAP,oic_adestn,text
public,VBAP,oic_truckn,text
public,VBAP,oia_baselo,text
public,VBAP,oiexgnum,text
public,VBAP,oiexgtyp,text
public,VBAP,oifeetot,text
public,VBAP,oifeedt,text
public,VBAP,oinetcyc,text
public,VBAP,oicontnr,text
public,VBAP,oic_kmpos,text
public,VBAP,oifeech,text
public,VBAP,oih_lictp,text
public,VBAP,oih_licin,text
public,VBAP,oih_lcfol,text
public,VBAP,oih_folqty,text
public,VBAP,oisbrel,text
public,VBAP,oibasprod,text
public,VBAP,oidmsg_prd,text
public,VBAP,oidmsg_qty,text
public,VBAP,oidmsg_uom,text
public,VBAP,oidmsg_dat,text
public,VBAP,oidmsg_trm,text
public,VBAP,oidmsg_shp,text
public,VBAP,oignrule,text
public,VBAP,oid_ship,text
public,VBAP,oibwtar_im,text
public,VBAP,oihantyp_im,text
public,VBAP,oitaxgrp_im,text
public,VBAP,oitaxfrom_im,text
public,VBAP,oitaxto_im,text
public,VBAP,oiedbal_im,text
public,VBAP,oiedbalm_im,text
public,VBAP,oipricie_im,text
public,VBAP,oibwtar_ex,text
public,VBAP,oihantyp_ex,text
public,VBAP,oitaxgrp_ex,text
public,VBAP,oitaxfrom_ex,text
public,VBAP,oitaxto_ex,text
public,VBAP,oiedbal_ex,text
public,VBAP,oiedbalm_ex,text
public,VBAP,oipricie_ex,text
public,VBAP,oiinex_ex,text
public,VBAP,oicertf1_ex,text
public,VBAP,oih_lictp_ex,text
public,VBAP,oih_licin_ex,text
public,VBAP,oih_lcfol_ex,text
public,VBAP,oih_folqty_ex,text
public,VBAP,oihtaxrcp_ex,text
public,VBAP,oihnotwerks,text
public,VBAP,oihnotlgort,text
public,VBAP,oihcotdisch,text
public,VBAP,po_quan,text
public,VBAP,po_unit,text
public,VBAP,prs_objnr,text
public,VBAP,prs_sd_spsnr,text
public,VBAP,prs_work_period,text
public,VBAP,tas,text
public,VBAP,betc,text
public,VBAP,mod_allow,text
public,VBAP,cancel_allow,text
public,VBAP,pay_method,text
public,VBAP,bpn,text
public,VBAP,rep_freq,text
public,VBAP,fmfgus_key,text
public,VBAP,pargb,text
public,VBAP,aufpl_oaa,text
public,VBAP,aplzl_oaa,text
public,VBAP,wrf_charstc1,text
public,VBAP,wrf_charstc2,text
public,VBAP,wrf_charstc3,text
public,VBAP,arsnum,text
public,VBAP,arspos,text
public,VBAP,wtysc_clmitem,text
public,VBAP,zzdea_license,text
public,VBAP,zzdea_schedule,text
public,VBEP,mandt,text
public,VBEP,vbeln,text
public,VBEP,posnr,text
public,VBEP,etenr,text
public,VBEP,ettyp,text
public,VBEP,lfrel,text
public,VBEP,edatu,text
public,VBEP,ezeit,text
public,VBEP,wmeng,text
public,VBEP,bmeng,text
public,VBEP,vrkme,text
public,VBEP,lmeng,text
public,VBEP,meins,text
public,VBEP,bddat,text
public,VBEP,bdart,text
public,VBEP,plart,text
public,VBEP,vbele,text
public,VBEP,posne,text
public,VBEP,etene,text
public,VBEP,rsdat,text
public,VBEP,idnnr,text
public,VBEP,banfn,text
public,VBEP,bsart,text
public,VBEP,bstyp,text
public,VBEP,wepos,text
public,VBEP,repos,text
public,VBEP,lrgdt,text
public,VBEP,prgrs,text
public,VBEP,tddat,text
public,VBEP,mbdat,text
public,VBEP,lddat,text
public,VBEP,wadat,text
public,VBEP,cmeng,text
public,VBEP,lifsp,text
public,VBEP,grstr,text
public,VBEP,abart,text
public,VBEP,abruf,text
public,VBEP,roms1,text
public,VBEP,roms2,text
public,VBEP,roms3,text
public,VBEP,romei,text
public,VBEP,rform,text
public,VBEP,umvkz,text
public,VBEP,umvkn,text
public,VBEP,verfp,text
public,VBEP,bwart,text
public,VBEP,bnfpo,text
public,VBEP,etart,text
public,VBEP,aufnr,text
public,VBEP,plnum,text
public,VBEP,sernr,text
public,VBEP,aeskd,text
public,VBEP,abges,text
public,VBEP,mbuhr,text
public,VBEP,tduhr,text
public,VBEP,lduhr,text
public,VBEP,wauhr,text
public,VBEP,aulwe,text
public,VBEP,handoverdate,text
public,VBEP,handovertime,text
public,VBEP,_dataaging,text
public,VBEP,fsh_ralloc_qty,text
public,VBEP,fsh_os_id,text
public,VBEP,fsh_pqr_rc,text
public,VBEP,mbdat_drs,text
public,VBFA,mandt,text
public,VBFA,vbelv,text
public,VBFA,posnv,text
public,VBFA,vbeln,text
public,VBFA,posnn,text
public,VBFA,vbtyp_n,text
public,VBFA,rfmng,text
public,VBFA,meins,text
public,VBFA,rfwrt,text
public,VBFA,waers,text
public,VBFA,vbtyp_v,text
public,VBFA,plmin,text
public,VBFA,taqui,text
public,VBFA,erdat,text
public,VBFA,erzet,text
public,VBFA,matnr,text
public,VBFA,bwart,text
public,VBFA,bdart,text
public,VBFA,plart,text
public,VBFA,stufe,text
public,VBFA,lgnum,text
public,VBFA,aedat,text
public,VBFA,fktyp,text
public,VBFA,brgew,text
public,VBFA,gewei,text
public,VBFA,volum,text
public,VBFA,voleh,text
public,VBFA,fplnr,text
public,VBFA,fpltr,text
public,VBFA,rfmng_flo,text
public,VBFA,rfmng_flt,text
public,VBFA,vrkme,text
public,VBFA,abges,text
public,VBFA,sobkz,text
public,VBFA,sonum,text
public,VBFA,kzbef,text
public,VBFA,ntgew,text
public,VBFA,logsys,text
public,VBFA,wbsta,text
public,VBFA,cmeth,text
public,VBFA,mjahr,text
public,VBFA,vbtypext_v,text
public,VBFA,vbtypext_n,text
public,VBRK,mandt,text
public,VBRK,vbeln,text
public,VBRK,fkart,text
public,VBRK,fktyp,text
public,VBRK,vbtyp,text
public,VBRK,waerk,text
public,VBRK,vkorg,text
public,VBRK,vtweg,text
public,VBRK,kalsm,text
public,VBRK,knumv,text
public,VBRK,vsbed,text
public,VBRK,fkdat,text
public,VBRK,belnr,text
public,VBRK,gjahr,text
public,VBRK,poper,text
public,VBRK,konda,text
public,VBRK,kdgrp,text
public,VBRK,bzirk,text
public,VBRK,pltyp,text
public,VBRK,inco1,text
public,VBRK,inco2,text
public,VBRK,expkz,text
public,VBRK,rfbsk,text
public,VBRK,mrnkz,text
public,VBRK,kurrf,text
public,VBRK,cpkur,text
public,VBRK,valtg,text
public,VBRK,valdt,text
public,VBRK,zterm,text
public,VBRK,zlsch,text
public,VBRK,ktgrd,text
public,VBRK,land1,text
public,VBRK,regio,text
public,VBRK,counc,text
public,VBRK,cityc,text
public,VBRK,bukrs,text
public,VBRK,taxk1,text
public,VBRK,taxk2,text
public,VBRK,taxk3,text
public,VBRK,taxk4,text
public,VBRK,taxk5,text
public,VBRK,taxk6,text
public,VBRK,taxk7,text
public,VBRK,taxk8,text
public,VBRK,taxk9,text
public,VBRK,netwr,text
public,VBRK,zukri,text
public,VBRK,ernam,text
public,VBRK,erzet,text
public,VBRK,erdat,text
public,VBRK,stafo,text
public,VBRK,kunrg,text
public,VBRK,kunag,text
public,VBRK,maber,text
public,VBRK,stwae,text
public,VBRK,exnum,text
public,VBRK,stceg,text
public,VBRK,aedat,text
public,VBRK,sfakn,text
public,VBRK,knuma,text
public,VBRK,fkart_rl,text
public,VBRK,fkdat_rl,text
public,VBRK,kurst,text
public,VBRK,mschl,text
public,VBRK,mansp,text
public,VBRK,spart,text
public,VBRK,kkber,text
public,VBRK,knkli,text
public,VBRK,cmwae,text
public,VBRK,cmkuf,text
public,VBRK,hityp_pr,text
public,VBRK,bstnk_vf,text
public,VBRK,vbund,text
public,VBRK,fkart_ab,text
public,VBRK,kappl,text
public,VBRK,landtx,text
public,VBRK,stceg_h,text
public,VBRK,stceg_l,text
public,VBRK,xblnr,text
public,VBRK,zuonr,text
public,VBRK,mwsbk,text
public,VBRK,logsys,text
public,VBRK,fksto,text
public,VBRK,xegdr,text
public,VBRK,rplnr,text
public,VBRK,lcnum,text
public,VBRK,j_1afitp,text
public,VBRK,kurrf_dat,text
public,VBRK,akwae,text
public,VBRK,akkur,text
public,VBRK,kidno,text
public,VBRK,bvtyp,text
public,VBRK,numpg,text
public,VBRK,bupla,text
public,VBRK,vkont,text
public,VBRK,fkk_docstat,text
public,VBRK,nrzas,text
public,VBRK,spe_billing_ind,text
public,VBRK,vtref,text
public,VBRK,fk_source_sys,text
public,VBRK,fktyp_crm,text
public,VBRK,stgrd,text
public,VBRK,vbtyp_ext,text
public,VBRK,j_1tpbupl,text
public,VBRK,incov,text
public,VBRK,inco2_l,text
public,VBRK,inco3_l,text
public,VBRK,dpc_rel,text
public,VBRK,mndid,text
public,VBRK,pay_type,text
public,VBRK,sepon,text
public,VBRK,mndvg,text
public,VBRK,sppaym,text
public,VBRK,sppord,text
public,ai_analysis_memory,user_id,bigint
public,ai_analysis_memory,last_user_query,text
public,ai_analysis_memory,last_sql,text
public,ai_analysis_memory,last_rows_json,text
public,ai_analysis_memory,knowledge_json,text
public,ai_analysis_memory,updated_at,timestamp with time zone
public,ai_analysis_memory,last_reply,text
public,ai_analysis_memory,last_charts_json,text
public,ai_analysis_memory,last_currency,text
public,ai_analysis_memory,last_year,text
public,ai_chat_threads,id,bigint
public,ai_chat_threads,user_id,integer
public,ai_chat_threads,thread_id,text
public,ai_chat_threads,title,text
public,ai_chat_threads,turn_count,integer
public,ai_chat_threads,last_active_at,timestamp with time zone
public,ai_chat_threads,created_at,timestamp with time zone
public,ai_chat_turns,id,bigint
public,ai_chat_turns,user_id,integer
public,ai_chat_turns,thread_id,text
public,ai_chat_turns,turn_index,integer
public,ai_chat_turns,role,text
public,ai_chat_turns,content,text
public,ai_chat_turns,sql_executed,text
public,ai_chat_turns,result_rows,jsonb
public,ai_chat_turns,result_columns,jsonb
public,ai_chat_turns,key_metrics,jsonb
public,ai_chat_turns,warnings,jsonb
public,ai_chat_turns,charts,jsonb
public,ai_chat_turns,time_scope,text
public,ai_chat_turns,date_range,text
public,ai_chat_turns,dominant_currency,text
public,ai_chat_turns,dominant_year,text
public,ai_chat_turns,query_mode,text
public,ai_chat_turns,action,text
public,ai_chat_turns,created_at,timestamp with time zone
public,ai_learned_patterns,id,bigint
public,ai_learned_patterns,pattern_hash,character varying
public,ai_learned_patterns,user_query_tpl,text
public,ai_learned_patterns,sql_template,text
public,ai_learned_patterns,hit_count,integer
public,ai_learned_patterns,first_seen_at,timestamp with time zone
public,ai_learned_patterns,last_used_at,timestamp with time zone
public,ai_learned_patterns,avg_row_count,double precision
public,ai_learned_patterns,tables_used,jsonb
public,ai_query_embeddings,id,bigint
public,ai_query_embeddings,query_text,text
public,ai_query_embeddings,query_hash,character varying
public,ai_query_embeddings,embedding,jsonb
public,ai_query_embeddings,sql_query,text
public,ai_query_embeddings,result_summary,text
public,ai_query_embeddings,result_preview,jsonb
public,ai_query_embeddings,charts,jsonb
public,ai_query_embeddings,hit_count,integer
public,ai_query_embeddings,created_at,timestamp with time zone
public,ai_query_embeddings,last_hit_at,timestamp with time zone
public,ai_query_embeddings,expires_at,timestamp with time zone
public,ai_query_memory,id,uuid
public,ai_query_memory,user_id,integer
public,ai_query_memory,question_pattern,character varying
public,ai_query_memory,original_question,text
public,ai_query_memory,sql_query,text
public,ai_query_memory,tables_used,jsonb
public,ai_query_memory,source,character varying
public,ai_query_memory,model_used,character varying
public,ai_query_memory,use_count,integer
public,ai_query_memory,last_used_at,timestamp without time zone
public,ai_query_memory,created_at,timestamp without time zone
public,ai_query_memory,approved_by_user_id,integer
public,ai_training_data,id,bigint
public,ai_training_data,user_id,bigint
public,ai_training_data,user_query,text
public,ai_training_data,sql_query,text
public,ai_training_data,result_summary,text
public,ai_training_data,action_type,character varying
public,ai_training_data,feedback_score,integer
public,ai_training_data,feedback_comment,text
public,ai_training_data,metadata,jsonb
public,ai_training_data,created_at,timestamp with time zone
public,ai_training_data,feedback_at,timestamp with time zone
public,certificate_renewal_requests,id,integer
public,certificate_renewal_requests,certificate_id,integer
public,certificate_renewal_requests,customer_id,character varying
public,certificate_renewal_requests,request_status,character varying
public,certificate_renewal_requests,requested_at,timestamp without time zone
public,certificate_renewal_requests,requested_by,integer
public,certificate_renewal_requests,processed_at,timestamp without time zone
public,certificate_renewal_requests,processed_by,integer
public,certificate_renewal_requests,new_certificate_id,integer
public,certificate_renewal_requests,notes,text
public,certificate_renewal_requests,rejection_reason,text
public,certificate_revocation_list,id,integer
public,certificate_revocation_list,certificate_id,integer
public,certificate_revocation_list,customer_id,character varying
public,certificate_revocation_list,serial_number,character varying
public,certificate_revocation_list,fingerprint_sha256,character varying
public,certificate_revocation_list,revoked_at,timestamp without time zone
public,certificate_revocation_list,revoked_by,integer
public,certificate_revocation_list,reason,character varying
public,certificate_revocation_list,notes,text
public,certificate_revocation_list,published_in_crl_at,timestamp without time zone
public,converted_invoices,id,integer
public,converted_invoices,validated_invoice_id,integer
public,converted_invoices,customer_id,character varying
public,converted_invoices,target_format,character varying
public,converted_invoices,converted_file_path,character varying
public,converted_invoices,blob_converted_path,character varying
public,converted_invoices,conversion_status,character varying
public,converted_invoices,conversion_notes,text
public,converted_invoices,validation_overridden,boolean
public,converted_invoices,converted_at,timestamp without time zone
public,correction_cache,id,uuid
public,correction_cache,customer_id,character varying
public,correction_cache,customer_name,character varying
public,correction_cache,error_type,character varying
public,correction_cache,error_signature,character varying
public,correction_cache,correction_type,character varying
public,correction_cache,transformation_rule,json
public,correction_cache,original_content_snippet,text
public,correction_cache,corrected_content_snippet,text
public,correction_cache,ai_model_used,character varying
public,correction_cache,ai_prompt_hash,character varying
public,correction_cache,success_count,integer
public,correction_cache,failure_count,integer
public,correction_cache,is_active,boolean
public,correction_cache,created_at,timestamp without time zone
public,correction_cache,last_used_at,timestamp without time zone
public,correction_cache,last_success_at,timestamp without time zone
public,correction_cache,last_failure_at,timestamp without time zone
public,correction_cache,created_by_user_id,integer
public,correction_cache,notes,text
public,customer_certificates,id,integer
public,customer_certificates,customer_id,character varying
public,customer_certificates,certificate_type,character varying
public,customer_certificates,common_name,character varying
public,customer_certificates,organization,character varying
public,customer_certificates,organizational_unit,character varying
public,customer_certificates,country,character varying
public,customer_certificates,email,character varying
public,customer_certificates,certificate_pem,text
public,customer_certificates,private_key_encrypted,text
public,customer_certificates,serial_number,character varying
public,customer_certificates,fingerprint_sha256,character varying
public,customer_certificates,issued_at,timestamp without time zone
public,customer_certificates,expires_at,timestamp without time zone
public,customer_certificates,revoked_at,timestamp without time zone
public,customer_certificates,renewed_at,timestamp without time zone
public,customer_certificates,status,character varying
public,customer_certificates,created_at,timestamp without time zone
public,customer_certificates,updated_at,timestamp without time zone
public,customer_certificates,created_by,integer
public,customer_certificates,revoked_by,integer
public,customer_certificates,notes,text
public,customer_certificates,revocation_reason,character varying
public,customer_certificates,renewed_certificate_id,integer
public,customer_delivery_settings,id,integer
public,customer_delivery_settings,customer_id,character varying
public,customer_delivery_settings,delivery_method,character varying
public,customer_delivery_settings,host,character varying
public,customer_delivery_settings,port,integer
public,customer_delivery_settings,username,character varying
public,customer_delivery_settings,remote_path,character varying
public,customer_delivery_settings,auth_type,character varying
public,customer_delivery_settings,encrypted_private_key,text
public,customer_delivery_settings,encrypted_password,text
public,customer_delivery_settings,encrypted_key_passphrase,text
public,customer_delivery_settings,use_test_env,boolean
public,customer_delivery_settings,last_tested_at,timestamp without time zone
public,customer_delivery_settings,last_test_error,text
public,customer_delivery_settings,created_at,timestamp without time zone
public,customer_delivery_settings,updated_at,timestamp without time zone
public,customer_receiver_rfc,customer_id,character varying
public,customer_receiver_rfc,receiver_rfc,character varying
public,customer_tokens,id,integer
public,customer_tokens,customer_id,character varying
public,customer_tokens,token,character varying
public,customer_tokens,token_hash,character varying
public,customer_tokens,is_active,boolean
public,customer_tokens,created_at,timestamp without time zone
public,customer_tokens,last_used_at,timestamp without time zone
public,customer_tokens,expires_at,timestamp without time zone
public,customer_tokens,created_by,integer
public,customer_tokens,notes,text
public,customers,id,integer
public,customers,customer_id,character varying
public,customers,format,character varying
public,customers,api_address,text
public,customers,validation_rules,text
public,customers,created_at,timestamp with time zone
public,invoice_business_data,id,uuid
public,invoice_business_data,success_invoice_id,integer
public,invoice_business_data,failed_invoice_id,integer
public,invoice_business_data,tracking_id,uuid
public,invoice_business_data,user_id,integer
public,invoice_business_data,customer_id,character varying
public,invoice_business_data,customer_name,character varying
public,invoice_business_data,customer_country,character varying
public,invoice_business_data,customer_city,character varying
public,invoice_business_data,customer_address,text
public,invoice_business_data,customer_tax_id,character varying
public,invoice_business_data,supplier_id,character varying
public,invoice_business_data,supplier_name,character varying
public,invoice_business_data,supplier_country,character varying
public,invoice_business_data,products,jsonb
public,invoice_business_data,product_count,integer
public,invoice_business_data,industry,character varying
public,invoice_business_data,industry_confidence,character varying
public,invoice_business_data,industry_keywords_matched,jsonb
public,invoice_business_data,invoice_number,character varying
public,invoice_business_data,invoice_date,timestamp without time zone
public,invoice_business_data,due_date,timestamp without time zone
public,invoice_business_data,total_amount,numeric
public,invoice_business_data,tax_amount,numeric
public,invoice_business_data,currency,character varying
public,invoice_business_data,current_stage,character varying
public,invoice_business_data,stage_status,character varying
public,invoice_business_data,failed_at_stage,character varying
public,invoice_business_data,failure_reason,text
public,invoice_business_data,lifecycle_stages,jsonb
public,invoice_business_data,source_format,character varying
public,invoice_business_data,target_format,character varying
public,invoice_business_data,request_type,character varying
public,invoice_business_data,created_at,timestamp without time zone
public,invoice_business_data,updated_at,timestamp without time zone
public,invoice_v2_business_data,id,integer
public,invoice_v2_business_data,validated_invoice_id,integer
public,invoice_v2_business_data,user_id,integer
public,invoice_v2_business_data,customer_id,character varying
public,invoice_v2_business_data,customer_name,character varying
public,invoice_v2_business_data,customer_country,character varying
public,invoice_v2_business_data,supplier_id,character varying
public,invoice_v2_business_data,supplier_name,character varying
public,invoice_v2_business_data,products,json
public,invoice_v2_business_data,total_products_count,integer
public,invoice_v2_business_data,total_amount,numeric
public,invoice_v2_business_data,tax_amount,numeric
public,invoice_v2_business_data,currency,character varying
public,invoice_v2_business_data,industry,character varying
public,invoice_v2_business_data,industry_confidence,double precision
public,invoice_v2_business_data,industry_keywords_matched,json
public,invoice_v2_business_data,invoice_date,date
public,invoice_v2_business_data,fiscal_quarter,character varying
public,invoice_v2_business_data,fiscal_year,integer
public,invoice_v2_business_data,season,character varying
public,invoice_v2_business_data,current_stage,character varying
public,invoice_v2_business_data,stage_status,character varying
public,invoice_v2_business_data,created_at,timestamp without time zone
public,invoice_v2_business_data,updated_at,timestamp without time zone
public,invoice_v2_correction_cache,id,integer
public,invoice_v2_correction_cache,customer_id,character varying
public,invoice_v2_correction_cache,field_name,character varying
public,invoice_v2_correction_cache,corrected_value,text
public,invoice_v2_correction_cache,correction_count,integer
public,invoice_v2_correction_cache,last_used_at,timestamp without time zone
public,invoice_v2_correction_cache,created_at,timestamp without time zone
public,invoice_v2_documents,id,integer
public,invoice_v2_documents,filename,character varying
public,invoice_v2_documents,source,character varying
public,invoice_v2_documents,xml_path,character varying
public,invoice_v2_documents,blob_xml_path,character varying
public,invoice_v2_documents,validation_status,character varying
public,invoice_v2_documents,uploaded_at,timestamp without time zone
public,invoice_v2_documents,uploaded_by,integer
public,invoice_v2_validated,id,integer
public,invoice_v2_validated,document_id,integer
public,invoice_v2_validated,status,character varying
public,invoice_v2_validated,invoice_data,jsonb
public,invoice_v2_validated,missing_fields,ARRAY
public,invoice_v2_validated,validation_errors,jsonb
public,invoice_v2_validated,validated_at,timestamp without time zone
public,sat_canonical_merged,id,uuid
public,sat_canonical_merged,user_id,integer
public,sat_canonical_merged,company_code,character varying
public,sat_canonical_merged,fiscal_year,integer
public,sat_canonical_merged,fiscal_period,integer
public,sat_canonical_merged,vendor_rfc,character varying
public,sat_canonical_merged,vendor_name,character varying
public,sat_canonical_merged,total_invoices,numeric
public,sat_canonical_merged,total_credits,numeric
public,sat_canonical_merged,total_payments,numeric
public,sat_canonical_merged,net_amount,numeric
public,sat_canonical_merged,currency,character varying
public,sat_canonical_merged,payment_method,character varying
public,sat_canonical_merged,cfdi_uuids,ARRAY
public,sat_canonical_merged,related_cfdi_uuids,ARRAY
public,sat_canonical_merged,linked_document_ids,ARRAY
public,sat_canonical_merged,sap_gl_account,character varying
public,sat_canonical_merged,status,character varying
public,sat_canonical_merged,sap_document_number,character varying
public,sat_canonical_merged,sent_to_sap_at,timestamp without time zone
public,sat_canonical_merged,sap_response,text
public,sat_canonical_merged,created_at,timestamp without time zone
public,sat_canonical_merged,updated_at,timestamp without time zone
public,sat_company_mappings,id,integer
public,sat_company_mappings,user_id,integer
public,sat_company_mappings,supplier_id,character varying
public,sat_company_mappings,company_code,character varying
public,sat_company_mappings,supplier_name,character varying
public,sat_company_mappings,supplier_rfc,character varying
public,sat_company_mappings,is_active,boolean
public,sat_company_mappings,created_at,timestamp without time zone
public,sat_company_mappings,updated_at,timestamp without time zone
public,sat_documents,id,uuid
public,sat_documents,user_id,integer
public,sat_documents,portal_ref_id,character varying
public,sat_documents,cfdi_uuid,character varying
public,sat_documents,doc_type,character varying
public,sat_documents,supplier_rfc,character varying
public,sat_documents,supplier_name,character varying
public,sat_documents,receiver_rfc,character varying
public,sat_documents,receiver_name,character varying
public,sat_documents,serie,character varying
public,sat_documents,folio,character varying
public,sat_documents,fecha,timestamp without time zone
public,sat_documents,subtotal,character varying
public,sat_documents,total,character varying
public,sat_documents,moneda,character varying
public,sat_documents,tipo_cambio,character varying
public,sat_documents,forma_pago,character varying
public,sat_documents,metodo_pago,character varying
public,sat_documents,related_cfdi_uuid,character varying
public,sat_documents,status,character varying
public,sat_documents,validation_errors,text
public,sat_documents,sap_document_number,character varying
public,sat_documents,sent_to_sap_at,timestamp without time zone
public,sat_documents,sap_response,text
public,sat_documents,canonical_merged_id,uuid
public,sat_documents,merged_at,timestamp without time zone
public,sat_documents,xml_content,text
public,sat_documents,xml_hash,character varying
public,sat_documents,file_size,integer
public,sat_documents,fiscal_year,integer
public,sat_documents,fiscal_period,integer
public,sat_documents,received_at,timestamp without time zone
public,sat_documents,updated_at,timestamp without time zone
public,sat_documents,source,character varying
public,sat_duplicate_checks,cfdi_uuid,character varying
public,sat_duplicate_checks,sat_document_id,uuid
public,sat_duplicate_checks,user_id,integer
public,sat_duplicate_checks,supplier_id,character varying
public,sat_duplicate_checks,document_type,USER-DEFINED
public,sat_duplicate_checks,first_received_at,timestamp without time zone
public,sat_processing_logs,id,uuid
public,sat_processing_logs,sat_document_id,uuid
public,sat_processing_logs,step_name,character varying
public,sat_processing_logs,step_status,character varying
public,sat_processing_logs,previous_status,USER-DEFINED
public,sat_processing_logs,new_status,USER-DEFINED
public,sat_processing_logs,message,text
public,sat_processing_logs,duration_seconds,integer
public,sat_processing_logs,error_details,json
public,sat_processing_logs,created_at,timestamp without time zone
public,sat_sap_account_mapping,id,integer
public,sat_sap_account_mapping,clave_prod_serv,character varying
public,sat_sap_account_mapping,sap_gl_account,character varying
public,sat_sap_account_mapping,code_group,character varying
public,sat_sap_account_mapping,description,character varying
public,sat_sap_account_mapping,description_en,character varying
public,sat_sap_account_mapping,account_type,character varying
public,sat_sap_account_mapping,sat_category,character varying
public,sat_sap_account_mapping,notes,text
public,sat_sap_account_mapping,is_active,boolean
public,sat_sap_account_mapping,is_default,boolean
public,sat_sap_account_mapping,created_at,timestamp with time zone
public,sat_sap_account_mapping,updated_at,timestamp with time zone
public,sat_simple_merged,id,uuid
public,sat_simple_merged,user_id,integer
public,sat_simple_merged,vendor_rfc,character varying
public,sat_simple_merged,vendor_name,character varying
public,sat_simple_merged,fiscal_year,integer
public,sat_simple_merged,fiscal_period,integer
public,sat_simple_merged,document_count,integer
public,sat_simple_merged,document_types,json
public,sat_simple_merged,cfdi_uuids,json
public,sat_simple_merged,total_amount,numeric
public,sat_simple_merged,currency,character varying
public,sat_simple_merged,merged_xml_content,text
public,sat_simple_merged,created_at,timestamp without time zone
public,sat_simple_merged,updated_at,timestamp without time zone
public,sat_simple_merged,sent_to_sap,boolean
public,sat_simple_merged,sap_document_number,character varying
public,sat_simple_merged,sent_to_sap_at,timestamp without time zone
public,sat_simple_merged,sap_response,text
public,sat_supplier_account_mapping,id,integer
public,sat_supplier_account_mapping,supplier_rfc,character varying
public,sat_supplier_account_mapping,sap_gl_account,character varying
public,sat_supplier_account_mapping,account_description,character varying
public,sat_supplier_account_mapping,is_active,boolean
public,sat_supplier_account_mapping,is_default,boolean
public,sat_supplier_account_mapping,created_at,timestamp without time zone
public,sat_supplier_account_mapping,updated_at,timestamp without time zone
public,sat_supplier_account_mapping,company_code,character varying
public,sat_supplier_account_mapping,fiscal_year,integer
public,sat_supplier_account_mapping,currency,character varying
public,sat_supplier_account_mapping,opening_balance,numeric
public,sat_supplier_account_mapping,credit_amount,numeric
public,sat_supplier_account_mapping,debit_amount,numeric
public,sat_supplier_account_mapping,closing_balance,numeric
public,supplier_tokens,id,integer
public,supplier_tokens,supplier_rfc,character varying
public,supplier_tokens,supplier_name,character varying
public,supplier_tokens,token,character varying
public,supplier_tokens,token_hash,character varying
public,supplier_tokens,is_active,boolean
public,supplier_tokens,created_at,timestamp without time zone
public,supplier_tokens,last_used_at,timestamp without time zone
public,supplier_tokens,expires_at,timestamp without time zone
public,supplier_tokens,created_by,integer
public,supplier_tokens,ip_whitelist,json
public,supplier_tokens,notes,text
public,user_customers,user_id,integer
public,user_customers,customer_id,character varying
public,v2_correction_cache,id,uuid
public,v2_correction_cache,customer_id,character varying
public,v2_correction_cache,customer_name,character varying
public,v2_correction_cache,field_name,character varying
public,v2_correction_cache,field_value,text
public,v2_correction_cache,error_signature,character varying
public,v2_correction_cache,success_count,integer
public,v2_correction_cache,failure_count,integer
public,v2_correction_cache,is_active,boolean
public,v2_correction_cache,created_at,timestamp without time zone
public,v2_correction_cache,last_used_at,timestamp without time zone
public,v2_correction_cache,last_success_at,timestamp without time zone
public,v2_correction_cache,last_failure_at,timestamp without time zone
public,v2_correction_cache,created_by_user_id,integer
public,v2_correction_cache,notes,text
public,v2_invoice_documents,id,integer
public,v2_invoice_documents,tracking_id,uuid
public,v2_invoice_documents,user_id,integer
public,v2_invoice_documents,source,character varying
public,v2_invoice_documents,filename,character varying
public,v2_invoice_documents,xml_path,text
public,v2_invoice_documents,blob_xml_path,text
public,v2_invoice_documents,validation_status,character varying
public,v2_invoice_documents,uploaded_at,timestamp with time zone
public,v2_invoice_documents,deleted_at,timestamp with time zone
public,v2_validated_invoices,id,integer
public,v2_validated_invoices,document_id,integer
public,v2_validated_invoices,status,character varying
public,v2_validated_invoices,invoice_data,jsonb
public,v2_validated_invoices,missing_fields,jsonb
public,v2_validated_invoices,validation_errors,jsonb
public,v2_validated_invoices,validation_notes,text
public,v2_validated_invoices,correction_applied,boolean
public,v2_validated_invoices,correction_cache_id,uuid
public,v2_validated_invoices,validated_at,timestamp with time zone
public,v2_validated_invoices,updated_at,timestamp with time zone
public,vbrp,mandt,text
public,vbrp,vbeln,text
public,vbrp,posnr,text
public,vbrp,uepos,text
public,vbrp,fkimg,numeric
public,vbrp,vrkme,text
public,vbrp,umvkz,numeric
public,vbrp,umvkn,numeric
public,vbrp,meins,text
public,vbrp,smeng,numeric
public,vbrp,fklmg,numeric
public,vbrp,lmeng,numeric
public,vbrp,ntgew,numeric
public,vbrp,brgew,numeric
public,vbrp,gewei,text
public,vbrp,volum,numeric
public,vbrp,voleh,text
public,vbrp,gsber,text
public,vbrp,prsdt,text
public,vbrp,fbuda,text
public,vbrp,kursk,numeric
public,vbrp,netwr,numeric
public,vbrp,vbelv,text
public,vbrp,posnv,text
public,vbrp,vgbel,text
public,vbrp,vgpos,text
public,vbrp,vgtyp,text
public,vbrp,aubel,text
public,vbrp,aupos,text
public,vbrp,auref,text
public,vbrp,matnr,text
public,vbrp,arktx,text
public,vbrp,pmatn,text
public,vbrp,charg,text
public,vbrp,matkl,text
public,vbrp,pstyv,text
public,vbrp,posar,text
public,vbrp,prodh,text
public,vbrp,vstel,text
public,vbrp,atpkz,text
public,vbrp,spart,text
public,vbrp,pospa,text
public,vbrp,werks,text
public,vbrp,aland,text
public,vbrp,wkreg,text
public,vbrp,wkcou,text
public,vbrp,wkcty,text
public,vbrp,taxm1,text
public,vbrp,taxm2,text
public,vbrp,taxm3,text
public,vbrp,taxm4,text
public,vbrp,taxm5,text
public,vbrp,taxm6,text
public,vbrp,taxm7,text
public,vbrp,taxm8,text
public,vbrp,taxm9,text
public,vbrp,kowrr,text
public,vbrp,prsfd,text
public,vbrp,sktof,text
public,vbrp,skfbp,numeric
public,vbrp,kondm,text
public,vbrp,ktgrm,text
public,vbrp,kostl,text
public,vbrp,bonus,text
public,vbrp,provg,text
public,vbrp,eannr,text
public,vbrp,vkgrp,text
public,vbrp,vkbur,text
public,vbrp,spara,text
public,vbrp,shkzg,text
public,vbrp,ernam,text
public,vbrp,erdat,text
public,vbrp,erzet,text
public,vbrp,bwtar,text
public,vbrp,lgort,text
public,vbrp,stafo,text
public,vbrp,wavwr,numeric
public,vbrp,kzwi1,numeric
public,vbrp,kzwi2,numeric
public,vbrp,kzwi3,numeric
public,vbrp,kzwi4,numeric
public,vbrp,kzwi5,numeric
public,vbrp,kzwi6,numeric
public,vbrp,stcur,numeric
public,vbrp,uvprs,text
public,vbrp,uvall,text
public,vbrp,ean11,text
public,vbrp,prctr,text
public,vbrp,kvgr1,text
public,vbrp,kvgr2,text
public,vbrp,kvgr3,text
public,vbrp,kvgr4,text
public,vbrp,kvgr5,text
public,vbrp,mvgr1,text
public,vbrp,mvgr2,text
public,vbrp,mvgr3,text
public,vbrp,mvgr4,text
public,vbrp,mvgr5,text
public,vbrp,matwa,text
public,vbrp,bonba,numeric
public,vbrp,kokrs,text
public,vbrp,paobjnr,text
public,vbrp,ps_psp_pnr,text
public,vbrp,aufnr,text
public,vbrp,txjcd,text
public,vbrp,cmpre,numeric
public,vbrp,cmpnt,text
public,vbrp,cuobj,text
public,vbrp,cuobj_ch,text
public,vbrp,koupd,text
public,vbrp,uecha,text
public,vbrp,xchar,text
public,vbrp,abrvw,text
public,vbrp,sernr,text
public,vbrp,bzirk_auft,text
public,vbrp,kdgrp_auft,text
public,vbrp,konda_auft,text
public,vbrp,lland_auft,text
public,vbrp,mprok,text
public,vbrp,pltyp_auft,text
public,vbrp,regio_auft,text
public,vbrp,vkorg_auft,text
public,vbrp,vtweg_auft,text
public,vbrp,abrbg,text
public,vbrp,prosa,text
public,vbrp,uepvw,text
public,vbrp,autyp,text
public,vbrp,stadat,text
public,vbrp,fplnr,text
public,vbrp,fpltr,text
public,vbrp,aktnr,text
public,vbrp,knuma_pi,text
public,vbrp,knuma_ag,text
public,vbrp,prefe,text
public,vbrp,mwsbp,numeric
public,vbrp,augru_auft,text
public,vbrp,fareg,text
public,vbrp,upmat,text
public,vbrp,ukonm,text
public,vbrp,cmpre_flt,numeric
public,vbrp,abfor,text
public,vbrp,abges,text
public,vbrp,j_1arfz,text
public,vbrp,j_1aregio,text
public,vbrp,j_1agicd,text
public,vbrp,j_1adtyp,text
public,vbrp,j_1atxrel,text
public,vbrp,j_1bcfop,text
public,vbrp,j_1btaxlw1,text
public,vbrp,j_1btaxlw2,text
public,vbrp,j_1btxsdc,text
public,vbrp,brtwr,numeric
public,vbrp,wktnr,text
public,vbrp,wktps,text
public,vbrp,rplnr,text
public,vbrp,kursk_dat,text
public,vbrp,wgru1,text
public,vbrp,wgru2,text
public,vbrp,kdkg1,text
public,vbrp,kdkg2,text
public,vbrp,kdkg3,text
public,vbrp,kdkg4,text
public,vbrp,kdkg5,text
public,vbrp,vkaus,text
public,vbrp,j_1aindxp,text
public,vbrp,j_1aidatep,text
public,vbrp,kzfme,text
public,vbrp,mwskz,text
public,vbrp,vertt,text
public,vbrp,vertn,text
public,vbrp,sgtxt,text
public,vbrp,delco,text
public,vbrp,bemot,text
public,vbrp,rrrel,text
public,vbrp,akkur,numeric
public,vbrp,wminr,text
public,vbrp,vgbel_ex,text
public,vbrp,vgpos_ex,text
public,vbrp,logsys,text
public,vbrp,vgtyp_ex,text
public,vbrp,j_1btaxlw3,text
public,vbrp,j_1btaxlw4,text
public,vbrp,j_1btaxlw5,text
public,vbrp,msr_id,text
public,vbrp,msr_refund_code,text
public,vbrp,msr_ret_reason,text
public,vbrp,nrab_knumh,text
public,vbrp,nrab_value,numeric
public,vbrp,dispute_case,text
public,vbrp,fund_usage_item,text
public,vbrp,farr_reltype,text
public,vbrp,claims_taxation,text
public,vbrp,kurrf_dat_orig,text
public,vbrp,vgtyp_ext,text
public,vbrp,sgt_rcat,text
public,vbrp,sgt_scat,text
public,vbrp,z_prs_offshore,text
public,vbrp,z_prs_bill_flag,text
public,vbrp,z_prs_country,text
public,vbrp,z_prs_chargelevl,text
public,vbrp,aufpl,text
public,vbrp,aplzl,text
public,vbrp,dpcnr,text
public,vbrp,dcpnr,text
public,vbrp,dpnrb,text
public,vbrp,perop_beg,text
public,vbrp,perop_end,text
public,vbrp,fmfgus_key,text
public,vbrp,fsh_season_year,text
public,vbrp,fsh_season,text
public,vbrp,fsh_collection,text
public,vbrp,fsh_theme,text
public,vbrp,fonds,text
public,vbrp,fistl,text
public,vbrp,fkber,text
public,vbrp,grant_nbr,text
public,vbrp,budget_pd,text
public,vbrp,prs_work_period,text
public,vbrp,pprctr,text
public,vbrp,pargb,text
public,vbrp,aufpl_oaa,text
public,vbrp,aplzl_oaa,text
public,vbrp,campaign,text
public,vbrp,compreas,text
public,vbrp,wrf_charstc1,text
public,vbrp,wrf_charstc2,text
public,vbrp,wrf_charstc3,text
public,vbrp,yycallid,text
public,zodiac_customers,id,integer
public,zodiac_customers,customer_id,character varying
public,zodiac_customers,target_format,character varying
public,zodiac_customers,api_address,character varying
public,zodiac_customers,validation_fields,text
public,zodiac_customers,created_at,timestamp without time zone
public,zodiac_customers,tax_value,numeric
public,zodiac_customers,tax_percentage,numeric
public,zodiac_customers,format,character varying
public,zodiac_customers,validation_rules,text
public,zodiac_invoice_failed_edi,id,integer
public,zodiac_invoice_failed_edi,tracking_id,uuid
public,zodiac_invoice_failed_edi,user_id,integer
public,zodiac_invoice_failed_edi,uploaded_at,timestamp with time zone
public,zodiac_invoice_failed_edi,xml_path,text
public,zodiac_invoice_failed_edi,xml_validation_pass,boolean
public,zodiac_invoice_failed_edi,xml_convert_message,text
public,zodiac_invoice_failed_edi,edi_path,text
public,zodiac_invoice_failed_edi,edi_convert_pass,boolean
public,zodiac_invoice_failed_edi,edi_convert_message,text
public,zodiac_invoice_failed_edi,deleted_at,timestamp with time zone
public,zodiac_invoice_failed_edi,processing_steps_error,json
public,zodiac_invoice_failed_edi,blob_xml_path,text
public,zodiac_invoice_failed_edi,blob_edi_path,text
public,zodiac_invoice_failed_edi,request_type,character varying
public,zodiac_invoice_failed_edi,target_file_format,character varying
public,zodiac_invoice_failed_edi,updated_at,timestamp with time zone
public,zodiac_invoice_failed_edi,processing_steps,json
public,zodiac_invoice_failed_edi,invoice_number,character varying
public,zodiac_invoice_success_edi,id,integer
public,zodiac_invoice_success_edi,tracking_id,uuid
public,zodiac_invoice_success_edi,user_id,integer
public,zodiac_invoice_success_edi,uploaded_at,timestamp with time zone
public,zodiac_invoice_success_edi,xml_path,text
public,zodiac_invoice_success_edi,xml_validation_pass,boolean
public,zodiac_invoice_success_edi,xml_convert_message,text
public,zodiac_invoice_success_edi,edi_path,text
public,zodiac_invoice_success_edi,edi_convert_pass,boolean
public,zodiac_invoice_success_edi,edi_convert_message,text
public,zodiac_invoice_success_edi,deleted_at,timestamp with time zone
public,zodiac_invoice_success_edi,processing_steps_error,json
public,zodiac_invoice_success_edi,blob_xml_path,text
public,zodiac_invoice_success_edi,blob_edi_path,text
public,zodiac_invoice_success_edi,request_type,character varying
public,zodiac_invoice_success_edi,external_status,character varying
public,zodiac_invoice_success_edi,external_message,character varying
public,zodiac_invoice_success_edi,target_file_format,character varying
public,zodiac_invoice_success_edi,processing_steps,json
public,zodiac_invoice_success_edi,invoice_number,character varying
public,zodiac_users,id,integer
public,zodiac_users,email,character varying
public,zodiac_users,username,character varying
public,zodiac_users,password_hash,character varying
public,zodiac_users,is_active,boolean
public,zodiac_users,is_verified,boolean
public,zodiac_users,is_admin,boolean
public,zodiac_users,created_at,timestamp with time zone
public,zodiac_users,updated_at,timestamp with time zone
public,zodiac_users,api_user_identifier,character varying
public,zodiac_users,api_user_allowed,boolean
public,zodiac_users,api_key_hashed,character varying
public,zodiac_users,api_key_created_at,timestamp with time zone
public,zodiac_users,api_key_updated_at,timestamp with time zone
public,zodiac_users,api_key_deactivated_at,timestamp with time zone
public,zodiac_users,api_key_allow_list,json
public,zodiac_users,is_customer_user,boolean
